filename,experiment_id,arm,dataset,backbone,optimizer_seed,pair_seed,config_path,acc_certain,acc_hybrid,bytes,sha256,in_github_release,release_asset,role
synccaps_ucf101_clip_b32_ptfz_fc_B0_linear_seed1337.pt,ucf101_clip_b32_ptfz_fc__B0_linear,B0_linear,ucf101,clip_b32,1337,0,configs/clip/ucf101_clip_b32_ptfz_fc__B0_linear.json,76.88256977356504,72.40652975250131,4103541,d04b709641bca0a90c6dbf74e71ee927188a5ac107208ac85b1ddaec215879e5,True,synccaps-checkpoints-clip.tar,supporting
synccaps_ucf101_clip_b32_ptfz_fc_B0_linear_seed42.pt,ucf101_clip_b32_ptfz_fc__B0_linear,B0_linear,ucf101,clip_b32,42,0,configs/clip/ucf101_clip_b32_ptfz_fc__B0_linear.json,77.00787401574803,71.44356955380577,4103449,351e8abf6d20a0651d68538ac3168e39d9ceb7a49443d0ffabefa1c5e10980bc,True,synccaps-checkpoints-clip.tar,supporting
synccaps_ucf101_clip_b32_ptfz_fc_B0_linear_seed7.pt,ucf101_clip_b32_ptfz_fc__B0_linear,B0_linear,ucf101,clip_b32,7,0,configs/clip/ucf101_clip_b32_ptfz_fc__B0_linear.json,80.02092050209205,73.84937238493724,4103435,de8beb9fbe4f7d8bc29bed5ea4ebee2ae9ef19f9b09cc34b662cac21e82993d8,True,synccaps-checkpoints-clip.tar,supporting
synccaps_ucf101_clip_b32_ptfz_fc_B1_sync_seed1337.pt,ucf101_clip_b32_ptfz_fc__B1_sync,B1_sync,ucf101,clip_b32,1337,0,configs/clip/ucf101_clip_b32_ptfz_fc__B1_sync.json,79.19957872564508,77.72511848341233,4041996,2562f2f8df9d778fa5448a0c74a02f3680a33e1e0f497492e27c883bd3080144,True,synccaps-checkpoints-clip.tar,supporting
synccaps_ucf101_clip_b32_ptfz_fc_B1_sync_seed42.pt,ucf101_clip_b32_ptfz_fc__B1_sync,B1_sync,ucf101,clip_b32,42,0,configs/clip/ucf101_clip_b32_ptfz_fc__B1_sync.json,77.00787401574803,76.01049868766404,4041962,4ccb71aa05854322fd65546593b5bf7dbed1d1dfe0164344da54172579b760d4,True,synccaps-checkpoints-clip.tar,supporting
synccaps_ucf101_clip_b32_ptfz_fc_B1_sync_seed7.pt,ucf101_clip_b32_ptfz_fc__B1_sync,B1_sync,ucf101,clip_b32,7,0,configs/clip/ucf101_clip_b32_ptfz_fc__B1_sync.json,80.91004184100419,79.55020920502092,4041945,7be32eef63d63a8ab5369b0965ca440de3d596c6d7684a207ba06338f1fc2502,True,synccaps-checkpoints-clip.tar,supporting
synccaps_ucf101_clip_b32_ptfz_fc_B4_syncnorm_seed1337.pt,ucf101_clip_b32_ptfz_fc__B4_syncnorm,B4_syncnorm,ucf101,clip_b32,1337,0,configs/clip/ucf101_clip_b32_ptfz_fc__B4_syncnorm.json,80.8320168509742,79.51553449183781,4042128,e0867f053b1804a5bbd807c0a41e6ebf5c7e282b494040e6176360a933c1612a,True,synccaps-checkpoints-clip.tar,supporting
synccaps_ucf101_clip_b32_ptfz_fc_B4_syncnorm_seed42.pt,ucf101_clip_b32_ptfz_fc__B4_syncnorm,B4_syncnorm,ucf101,clip_b32,42,0,configs/clip/ucf101_clip_b32_ptfz_fc__B4_syncnorm.json,81.88976377952756,81.36482939632546,4042094,8b3f6964c1495086c6989e601044c5abca3a0ebfbd04ef18d7a9914c7f498aed,True,synccaps-checkpoints-clip.tar,supporting
synccaps_ucf101_clip_b32_ptfz_fc_B4_syncnorm_seed7.pt,ucf101_clip_b32_ptfz_fc__B4_syncnorm,B4_syncnorm,ucf101,clip_b32,7,0,configs/clip/ucf101_clip_b32_ptfz_fc__B4_syncnorm.json,82.94979079497908,82.42677824267783,4042013,d6a0f0a4c9fba2ae02af8a8d3952baecf56a6ae77704241f09e9bca0df32774c,True,synccaps-checkpoints-clip.tar,supporting
synccaps_ucf101_clip_b32_ptfz_official1_noval_fc_B0_linear_seed1337.pt,ucf101_clip_b32_ptfz_official1_noval_fc__B0_linear,B0_linear,ucf101,clip_b32,1337,0,configs/clip/ucf101_clip_b32_ptfz_official1_noval_fc__B0_linear.json,78.7998942638118,73.64525508855407,4104021,15fa2af510227e0e4b1768022e4def22efdca242ab5d038599b4f3d8a225d6ed,True,synccaps-checkpoints-clip.tar,headline
synccaps_ucf101_clip_b32_ptfz_official1_noval_fc_B0_linear_seed42.pt,ucf101_clip_b32_ptfz_official1_noval_fc__B0_linear,B0_linear,ucf101,clip_b32,42,0,configs/clip/ucf101_clip_b32_ptfz_official1_noval_fc__B0_linear.json,78.8263283108644,72.87866772402855,4103865,f2d90e2a545fcee4423acead2f23578e25c489109bb32c6f5d56273a47c3e0f5,True,synccaps-checkpoints-clip.tar,headline
synccaps_ucf101_clip_b32_ptfz_official1_noval_fc_B0_linear_seed7.pt,ucf101_clip_b32_ptfz_official1_noval_fc__B0_linear,B0_linear,ucf101,clip_b32,7,0,configs/clip/ucf101_clip_b32_ptfz_official1_noval_fc__B0_linear.json,78.72059212265398,72.24425059476606,4103851,e18928395807bd66d00f4a25ec81ac5c1095d3698e43a236b2a5dd73d1a076d6,True,synccaps-checkpoints-clip.tar,headline
synccaps_ucf101_clip_b32_ptfz_official1_noval_fc_B1_sync_seed1337.pt,ucf101_clip_b32_ptfz_official1_noval_fc__B1_sync,B1_sync,ucf101,clip_b32,1337,0,configs/clip/ucf101_clip_b32_ptfz_official1_noval_fc__B1_sync.json,78.98493259318002,76.87020882897173,4042524,0f9e2a7c5616170c7029691edbbf96213d24a7de91aeb6c1230ecd366384df86,True,synccaps-checkpoints-clip.tar,headline
synccaps_ucf101_clip_b32_ptfz_official1_noval_fc_B1_sync_seed42.pt,ucf101_clip_b32_ptfz_official1_noval_fc__B1_sync,B1_sync,ucf101,clip_b32,42,0,configs/clip/ucf101_clip_b32_ptfz_official1_noval_fc__B1_sync.json,79.64578376949511,78.48268569918055,4042490,22056c92f3a40b5e70ad58304fa7d06076cd4a541c2c9efd3a6c9d9994c0e2b3,True,synccaps-checkpoints-clip.tar,headline
synccaps_ucf101_clip_b32_ptfz_official1_noval_fc_B1_sync_seed7.pt,ucf101_clip_b32_ptfz_official1_noval_fc__B1_sync,B1_sync,ucf101,clip_b32,7,0,configs/clip/ucf101_clip_b32_ptfz_official1_noval_fc__B1_sync.json,79.38144329896907,77.79540047581285,4042473,4be509205a91564112a089f57ab3c4f321511b338d13771e3c9f4fc7f783b00b,True,synccaps-checkpoints-clip.tar,headline
synccaps_ucf101_clip_b32_ptfz_official1_noval_fc_B4_gram_seed101.pt,ucf101_clip_b32_ptfz_official1_noval_fc__B4_gram,B4_gram,ucf101,clip_b32,101,0,configs/clip/ucf101_clip_b32_ptfz_official1_noval_fc__B4_gram.json,82.4477927570711,81.7340734866508,4042507,d6131d82a87aea8700a60d08bfa291136c72c6a4ab4614fad495858ba84540d2,True,synccaps-checkpoints-clip.tar,headline
synccaps_ucf101_clip_b32_ptfz_official1_noval_fc_B4_gram_seed1337.pt,ucf101_clip_b32_ptfz_official1_noval_fc__B4_gram,B4_gram,ucf101,clip_b32,1337,0,configs/clip/ucf101_clip_b32_ptfz_official1_noval_fc__B4_gram.json,82.73856727464974,81.78694158075601,4042524,5b368efa9c2db03df653e04c7b5ff7e36cf46aac0093a4fb610d711df1d2f75e,True,synccaps-checkpoints-clip.tar,headline
synccaps_ucf101_clip_b32_ptfz_official1_noval_fc_B4_gram_seed19.pt,ucf101_clip_b32_ptfz_official1_noval_fc__B4_gram,B4_gram,ucf101,clip_b32,19,0,configs/clip/ucf101_clip_b32_ptfz_official1_noval_fc__B4_gram.json,82.81786941580756,82.63283108643932,4042490,a6664262bb976bba2ce9d7f2c6bf171e5b2099c5c16ddf3c9b8a5f759e553152,True,synccaps-checkpoints-clip.tar,headline
synccaps_ucf101_clip_b32_ptfz_official1_noval_fc_B4_gram_seed2026.pt,ucf101_clip_b32_ptfz_official1_noval_fc__B4_gram,B4_gram,ucf101,clip_b32,2026,0,configs/clip/ucf101_clip_b32_ptfz_official1_noval_fc__B4_gram.json,82.5006608511763,81.78694158075601,4042524,dbe9e325ce70c89ac162ff8c7c1a656c181577a274d59cc97bad2ba31c0e6104,True,synccaps-checkpoints-clip.tar,headline
synccaps_ucf101_clip_b32_ptfz_official1_noval_fc_B4_gram_seed42.pt,ucf101_clip_b32_ptfz_official1_noval_fc__B4_gram,B4_gram,ucf101,clip_b32,42,0,configs/clip/ucf101_clip_b32_ptfz_official1_noval_fc__B4_gram.json,82.39492466296589,81.99841395717684,4042490,bf17aa4da3a065764407f62e91348cd3a1708a5bb686cf31e0191b834e2c2340,True,synccaps-checkpoints-clip.tar,headline
synccaps_ucf101_clip_b32_ptfz_official1_noval_fc_B4_gram_seed7.pt,ucf101_clip_b32_ptfz_official1_noval_fc__B4_gram,B4_gram,ucf101,clip_b32,7,0,configs/clip/ucf101_clip_b32_ptfz_official1_noval_fc__B4_gram.json,82.07771609833465,81.7076394395982,4042473,6157c4a2a2ff80f545048c2bd71a406fef2209fbcb8156f24a3415f333101f9a,True,synccaps-checkpoints-clip.tar,headline
synccaps_ucf101_clip_b32_ptfz_official1_noval_fc_B4_syncnorm_seed1337.pt,ucf101_clip_b32_ptfz_official1_noval_fc__B4_syncnorm,B4_syncnorm,ucf101,clip_b32,1337,0,configs/clip/ucf101_clip_b32_ptfz_official1_noval_fc__B4_syncnorm.json,82.71213322759714,81.86624372191382,4042720,9ebcd3718b25cab8126bba14c2952a7c0ddbcf754f38bd966edbea320107f55a,True,synccaps-checkpoints-clip.tar,headline
synccaps_ucf101_clip_b32_ptfz_official1_noval_fc_B4_syncnorm_seed42.pt,ucf101_clip_b32_ptfz_official1_noval_fc__B4_syncnorm,B4_syncnorm,ucf101,clip_b32,42,0,configs/clip/ucf101_clip_b32_ptfz_official1_noval_fc__B4_syncnorm.json,82.79143536875495,81.89267776896642,4042686,f6ee5da3c9d5f65884d57a5211e46d2f0b3fc8202edd01476c8ce4016d39de44,True,synccaps-checkpoints-clip.tar,headline
synccaps_ucf101_clip_b32_ptfz_official1_noval_fc_B4_syncnorm_seed7.pt,ucf101_clip_b32_ptfz_official1_noval_fc__B4_syncnorm,B4_syncnorm,ucf101,clip_b32,7,0,configs/clip/ucf101_clip_b32_ptfz_official1_noval_fc__B4_syncnorm.json,82.4477927570711,81.7076394395982,4042605,6b907de3517deb3f5b76097bf667b033e18b700dd577d2a2971f73742226488d,True,synccaps-checkpoints-clip.tar,headline
synccaps_ucf101_clip_b32_ptfz_official1_noval_fc_CB_tsketch_seed101.pt,ucf101_clip_b32_ptfz_official1_noval_fc__CB_tsketch,CB_tsketch,ucf101,clip_b32,101,0,configs/clip/ucf101_clip_b32_ptfz_official1_noval_fc__CB_tsketch.json,82.65926513349193,81.46973301612476,4057335,b19f1fc70933a3007e363efeb90dbdce7f684aa28e122bf3ac2e03cefa9ac614,True,synccaps-checkpoints-clip.tar,headline
synccaps_ucf101_clip_b32_ptfz_official1_noval_fc_CB_tsketch_seed1337.pt,ucf101_clip_b32_ptfz_official1_noval_fc__CB_tsketch,CB_tsketch,ucf101,clip_b32,1337,0,configs/clip/ucf101_clip_b32_ptfz_official1_noval_fc__CB_tsketch.json,82.5006608511763,81.65477134549299,4057353,45da48d8d55f4e97df22e125892667ba3b0f465daecbaa6c529e3c21d8a23a06,True,synccaps-checkpoints-clip.tar,headline
synccaps_ucf101_clip_b32_ptfz_official1_noval_fc_CB_tsketch_seed19.pt,ucf101_clip_b32_ptfz_official1_noval_fc__CB_tsketch,CB_tsketch,ucf101,clip_b32,19,0,configs/clip/ucf101_clip_b32_ptfz_official1_noval_fc__CB_tsketch.json,82.87073750991277,82.36849061591329,4057253,a230bbcc1397e59f73284dc1f2b8fd1e1f3d695f97d2da2703a410473f08a933,True,synccaps-checkpoints-clip.tar,headline
synccaps_ucf101_clip_b32_ptfz_official1_noval_fc_CB_tsketch_seed2026.pt,ucf101_clip_b32_ptfz_official1_noval_fc__CB_tsketch,CB_tsketch,ucf101,clip_b32,2026,0,configs/clip/ucf101_clip_b32_ptfz_official1_noval_fc__CB_tsketch.json,82.07771609833465,81.39043087496695,4057353,3778a729405fd2d4482977f75e9a445bbd7009a2ac9082f5268462d0fc1d450a,True,synccaps-checkpoints-clip.tar,headline
synccaps_ucf101_clip_b32_ptfz_official1_noval_fc_CB_tsketch_seed42.pt,ucf101_clip_b32_ptfz_official1_noval_fc__CB_tsketch,CB_tsketch,ucf101,clip_b32,42,0,configs/clip/ucf101_clip_b32_ptfz_official1_noval_fc__CB_tsketch.json,82.4477927570711,81.81337562780861,4057253,6df35a91eb2904579d8abd4e73bf0060b22138370984f999b21827e1c5eb5f8b,True,synccaps-checkpoints-clip.tar,headline
synccaps_ucf101_clip_b32_ptfz_official1_noval_fc_CB_tsketch_seed7.pt,ucf101_clip_b32_ptfz_official1_noval_fc__CB_tsketch,CB_tsketch,ucf101,clip_b32,7,0,configs/clip/ucf101_clip_b32_ptfz_official1_noval_fc__CB_tsketch.json,82.13058419243985,81.60190325138778,4057171,aa7d303f0dba0995f3f28103a02273ba8cf55dc764e233ebe2bb650509ce02e4,True,synccaps-checkpoints-clip.tar,headline
synccaps_ucf101_clip_b32_ptfz_official1_noval_fc_LR_bilinear_seed1337.pt,ucf101_clip_b32_ptfz_official1_noval_fc__LR_bilinear,LR_bilinear,ucf101,clip_b32,1337,0,configs/clip/ucf101_clip_b32_ptfz_official1_noval_fc__LR_bilinear.json,75.83928099392017,74.38540840602697,4637792,09c35d4921d21182e98c8bf9b3eee0d7650f17cb933b966141c3fbaf89249f37,True,synccaps-checkpoints-clip.tar,headline
synccaps_ucf101_clip_b32_ptfz_official1_noval_fc_LR_bilinear_seed42.pt,ucf101_clip_b32_ptfz_official1_noval_fc__LR_bilinear,LR_bilinear,ucf101,clip_b32,42,0,configs/clip/ucf101_clip_b32_ptfz_official1_noval_fc__LR_bilinear.json,73.48665080623844,71.31905894792493,4637758,42faef32c6572634c1ffa482e2abd1f18e13173068e550317636d33a08c93bbf,True,synccaps-checkpoints-clip.tar,headline
synccaps_ucf101_clip_b32_ptfz_official1_noval_fc_LR_bilinear_seed7.pt,ucf101_clip_b32_ptfz_official1_noval_fc__LR_bilinear,LR_bilinear,ucf101,clip_b32,7,0,configs/clip/ucf101_clip_b32_ptfz_official1_noval_fc__LR_bilinear.json,75.81284694686757,74.86122125297383,4637677,6aa3e643438a9aa86661663fd7ceac0698b79b4d322b15af14ef4aeb9ca7efc7,True,synccaps-checkpoints-clip.tar,headline
synccaps_ucf101_clip_b32_ptfz_official1_noval_fc_R3_route_seed1337.pt,ucf101_clip_b32_ptfz_official1_noval_fc__R3_route,R3_route,ucf101,clip_b32,1337,0,configs/routing/ucf101_clip_b32_ptfz_official1_noval_fc__R3_route.json,84.32461009780597,83.47872059212266,18065424,e853d56a128a1ad31e6831f42fec72e8b8f99ae708d37df633c89f094053b5cc,True,synccaps-checkpoints-routing.tar,headline
synccaps_ucf101_clip_b32_ptfz_official1_noval_fc_R3_route_seed42.pt,ucf101_clip_b32_ptfz_official1_noval_fc__R3_route,R3_route,ucf101,clip_b32,42,0,configs/routing/ucf101_clip_b32_ptfz_official1_noval_fc__R3_route.json,84.82685699180544,83.7959291567539,18065334,5f4b4c335ff670d5bbb0847586a76d763ab5059b00cc740a1d7d136b44071dee,True,synccaps-checkpoints-routing.tar,headline
synccaps_ucf101_clip_b32_ptfz_official1_noval_fc_R3_route_seed7.pt,ucf101_clip_b32_ptfz_official1_noval_fc__R3_route,R3_route,ucf101,clip_b32,7,0,configs/routing/ucf101_clip_b32_ptfz_official1_noval_fc__R3_route.json,84.4832143801216,83.69019296854349,18065321,ad00459ee873c200ebff45f9a339f7378f8321b7defe01b48964d25f4e2800df,True,synccaps-checkpoints-routing.tar,headline
synccaps_ucf101_clip_b32_ptfz_official1_noval_fc_lr0.0005_B4_syncnorm_seed1337.pt,ucf101_clip_b32_ptfz_official1_noval_fc_lr0.0005__B4_syncnorm,B4_syncnorm,ucf101,clip_b32,1337,0,configs/clip/ucf101_clip_b32_ptfz_official1_noval_fc_lr0.0005__B4_syncnorm.json,83.13507798043881,82.23632038065027,4043513,9cf47e3241930dc6536fc1542686e35ba2ddd95380ab318f45a70cecfdf42a9a,True,synccaps-checkpoints-clip.tar,supporting
synccaps_ucf101_clip_b32_ptfz_official1_noval_fc_lr0.0005_B4_syncnorm_seed42.pt,ucf101_clip_b32_ptfz_official1_noval_fc_lr0.0005__B4_syncnorm,B4_syncnorm,ucf101,clip_b32,42,0,configs/clip/ucf101_clip_b32_ptfz_official1_noval_fc_lr0.0005__B4_syncnorm.json,83.58445678033307,82.92360560401798,4043479,50c55bfefe1aeb5bec347967f50a972f82da84b0602aeae709667cd2d026435c,True,synccaps-checkpoints-clip.tar,supporting
synccaps_ucf101_clip_b32_ptfz_official1_noval_fc_lr0.0005_B4_syncnorm_seed7.pt,ucf101_clip_b32_ptfz_official1_noval_fc_lr0.0005__B4_syncnorm,B4_syncnorm,ucf101,clip_b32,7,0,configs/clip/ucf101_clip_b32_ptfz_official1_noval_fc_lr0.0005__B4_syncnorm.json,82.71213322759714,81.99841395717684,4043462,ba1e5dc217197f2382756b15215ed921a95d31749245396a4900bf1f393cefa4,True,synccaps-checkpoints-clip.tar,supporting
synccaps_ucf101_clip_b32_ptfz_official1_noval_fc_lr0.0005_CB_tsketch_seed1337.pt,ucf101_clip_b32_ptfz_official1_noval_fc_lr0.0005__CB_tsketch,CB_tsketch,ucf101,clip_b32,1337,0,configs/clip/ucf101_clip_b32_ptfz_official1_noval_fc_lr0.0005__CB_tsketch.json,83.34655035685964,82.15701823949246,4058219,21d6735cf78b1a9a0ad6c6dfb04295af0aaebfcbd33f7d8b22c047c33d513565,True,synccaps-checkpoints-clip.tar,control
synccaps_ucf101_clip_b32_ptfz_official1_noval_fc_lr0.0005_CB_tsketch_seed42.pt,ucf101_clip_b32_ptfz_official1_noval_fc_lr0.0005__CB_tsketch,CB_tsketch,ucf101,clip_b32,42,0,configs/clip/ucf101_clip_b32_ptfz_official1_noval_fc_lr0.0005__CB_tsketch.json,83.32011630980703,82.63283108643932,4058183,e95041bb27ff701f6e4c84ec4d30b2ab2aaddb13c295ede204d3c2c86ad60a99,True,synccaps-checkpoints-clip.tar,control
synccaps_ucf101_clip_b32_ptfz_official1_noval_fc_lr0.0005_CB_tsketch_seed7.pt,ucf101_clip_b32_ptfz_official1_noval_fc_lr0.0005__CB_tsketch,CB_tsketch,ucf101,clip_b32,7,0,configs/clip/ucf101_clip_b32_ptfz_official1_noval_fc_lr0.0005__CB_tsketch.json,83.39941845096484,82.28918847475548,4058165,fc6ec5001932c7682046a74b696ba2763b35820a3a029f598e3cf4a98cb309cd,True,synccaps-checkpoints-clip.tar,control
synccaps_ucf101_clip_b32_ptfz_official1_noval_fc_lr0.0005_R3_route_seed1337.pt,ucf101_clip_b32_ptfz_official1_noval_fc_lr0.0005__R3_route,R3_route,ucf101,clip_b32,1337,0,configs/routing/ucf101_clip_b32_ptfz_official1_noval_fc_lr0.0005__R3_route.json,84.35104414485858,83.55802273328047,18065424,79eb967c02770f6fbb450c0a91cfed60e75f46a9f9d6fa4a4de13749af27a44c,True,synccaps-checkpoints-routing.tar,control
synccaps_ucf101_clip_b32_ptfz_official1_noval_fc_lr0.0005_R3_route_seed42.pt,ucf101_clip_b32_ptfz_official1_noval_fc_lr0.0005__R3_route,R3_route,ucf101,clip_b32,42,0,configs/routing/ucf101_clip_b32_ptfz_official1_noval_fc_lr0.0005__R3_route.json,84.69468675654242,83.7959291567539,18065334,7cc3c5f20de6513f21bd9f87baa9fa8d59bb694ab0bb4718b6a34d1f06cf5c3c,True,synccaps-checkpoints-routing.tar,control
synccaps_ucf101_clip_b32_ptfz_official1_noval_fc_lr0.0005_R3_route_seed7.pt,ucf101_clip_b32_ptfz_official1_noval_fc_lr0.0005__R3_route,R3_route,ucf101,clip_b32,7,0,configs/routing/ucf101_clip_b32_ptfz_official1_noval_fc_lr0.0005__R3_route.json,84.5096484271742,83.7694951097013,18065321,c8eaf63c176a0b763faf757ec1e8026d9b80a7bb31e193d2f04ee3ffa9267668,True,synccaps-checkpoints-routing.tar,control
synccaps_ucf101_r18_full_ptfz_official1_noval_fc_B0_linear_seed1337.pt,ucf101_r18_full_ptfz_official1_noval_fc__B0_linear,B0_linear,ucf101,r18_full,1337,0,configs/resnet18/ucf101_r18_full_ptfz_official1_noval_fc__B0_linear.json,69.7330161247687,61.67063177372456,3841877,6255543754b9c7fccb95871d5a9a2291a0e465003598d744b4b94de6a0376f0e,True,synccaps-checkpoints-resnet18.tar,supporting
synccaps_ucf101_r18_full_ptfz_official1_noval_fc_B0_linear_seed42.pt,ucf101_r18_full_ptfz_official1_noval_fc__B0_linear,B0_linear,ucf101,r18_full,42,0,configs/resnet18/ucf101_r18_full_ptfz_official1_noval_fc__B0_linear.json,68.51704996034893,61.03621464446207,3841721,4accfd55812bc4c5bb072b578d2eedbdcf6c218185e04aef665034d38f6ba751,True,synccaps-checkpoints-resnet18.tar,supporting
synccaps_ucf101_r18_full_ptfz_official1_noval_fc_B0_linear_seed7.pt,ucf101_r18_full_ptfz_official1_noval_fc__B0_linear,B0_linear,ucf101,r18_full,7,0,configs/resnet18/ucf101_r18_full_ptfz_official1_noval_fc__B0_linear.json,69.41580756013745,62.516521279407876,3841707,ce0eb41e26f27a064970825920ea4a10efbfd7cd0ca81bf6a496a06f763e99c2,True,synccaps-checkpoints-resnet18.tar,supporting
synccaps_ucf101_r18_full_ptfz_official1_noval_fc_B1_sync_seed1337.pt,ucf101_r18_full_ptfz_official1_noval_fc__B1_sync,B1_sync,ucf101,r18_full,1337,0,configs/resnet18/ucf101_r18_full_ptfz_official1_noval_fc__B1_sync.json,72.29711868887127,69.99735659529473,3780380,9826f0831fdd324edb4925f16cbc3d92b167dc972046d49eeec987b2f5d0459f,True,synccaps-checkpoints-resnet18.tar,supporting
synccaps_ucf101_r18_full_ptfz_official1_noval_fc_B1_sync_seed42.pt,ucf101_r18_full_ptfz_official1_noval_fc__B1_sync,B1_sync,ucf101,r18_full,42,0,configs/resnet18/ucf101_r18_full_ptfz_official1_noval_fc__B1_sync.json,71.00185038329369,69.41580756013745,3780346,6808c11e7a409724f5df29db3b9413a09c46a8aa0203c1ae78d7b84893c14f11,True,synccaps-checkpoints-resnet18.tar,supporting
synccaps_ucf101_r18_full_ptfz_official1_noval_fc_B1_sync_seed7.pt,ucf101_r18_full_ptfz_official1_noval_fc__B1_sync,B1_sync,ucf101,r18_full,7,0,configs/resnet18/ucf101_r18_full_ptfz_official1_noval_fc__B1_sync.json,70.92254824213587,69.7330161247687,3780329,ed0e6440ef73ae3c8bd874db575244f025c822ead3bae776a9a586caa8c964c1,True,synccaps-checkpoints-resnet18.tar,supporting
synccaps_ucf101_r18_full_ptfz_official1_noval_fc_B4_syncnorm_seed1337.pt,ucf101_r18_full_ptfz_official1_noval_fc__B4_syncnorm,B4_syncnorm,ucf101,r18_full,1337,0,configs/resnet18/ucf101_r18_full_ptfz_official1_noval_fc__B4_syncnorm.json,71.31905894792493,71.1340206185567,3780576,a3e65ee0a8f66bcb2257f8cdd76fe66a8240bb9f06982730b9181c6f37e639b1,True,synccaps-checkpoints-resnet18.tar,supporting
synccaps_ucf101_r18_full_ptfz_official1_noval_fc_B4_syncnorm_seed42.pt,ucf101_r18_full_ptfz_official1_noval_fc__B4_syncnorm,B4_syncnorm,ucf101,r18_full,42,0,configs/resnet18/ucf101_r18_full_ptfz_official1_noval_fc__B4_syncnorm.json,71.26619085381972,70.71107586571505,3780542,e251254fb3c3e7920a696fe9c1b27f2a335748f2e154267dae5728208243e029,True,synccaps-checkpoints-resnet18.tar,supporting
synccaps_ucf101_r18_full_ptfz_official1_noval_fc_B4_syncnorm_seed7.pt,ucf101_r18_full_ptfz_official1_noval_fc__B4_syncnorm,B4_syncnorm,ucf101,r18_full,7,0,configs/resnet18/ucf101_r18_full_ptfz_official1_noval_fc__B4_syncnorm.json,71.76843774781919,71.37192704203014,3780461,ddd2430f12b0867e97d9247410ee918fdee89c9d142fe2195842d17216d69856,True,synccaps-checkpoints-resnet18.tar,supporting
synccaps_ucf101_r50_full_ptfz_official1_noval_fc_B0_linear_seed1337.pt,ucf101_r50_full_ptfz_official1_noval_fc__B0_linear,B0_linear,ucf101,r50_full,1337,0,configs/resnet18/ucf101_r50_full_ptfz_official1_noval_fc__B0_linear.json,73.43378271213322,66.34945810203541,5414741,c18be53e2d029d366fe2e1a3d218523c0ebcc495596afcda51facbb402b57010,True,synccaps-checkpoints-resnet18.tar,supporting
synccaps_ucf101_r50_full_ptfz_official1_noval_fc_B0_linear_seed42.pt,ucf101_r50_full_ptfz_official1_noval_fc__B0_linear,B0_linear,ucf101,r50_full,42,0,configs/resnet18/ucf101_r50_full_ptfz_official1_noval_fc__B0_linear.json,72.48215701823949,66.32302405498281,5414585,865453dd9c43b1ba413ff7a0c3d421fa91dd6cebb5aafc30b17ad6ec34ef8030,True,synccaps-checkpoints-resnet18.tar,supporting
synccaps_ucf101_r50_full_ptfz_official1_noval_fc_B0_linear_seed7.pt,ucf101_r50_full_ptfz_official1_noval_fc__B0_linear,B0_linear,ucf101,r50_full,7,0,configs/resnet18/ucf101_r50_full_ptfz_official1_noval_fc__B0_linear.json,74.06819984139572,65.39783240814168,5414571,2fbcb1cc7f70631d2ff03d6a565804b1044331dd58a99ad9e9b6f49c487594e1,True,synccaps-checkpoints-resnet18.tar,supporting
synccaps_ucf101_r50_full_ptfz_official1_noval_fc_B1_sync_seed1337.pt,ucf101_r50_full_ptfz_official1_noval_fc__B1_sync,B1_sync,ucf101,r50_full,1337,0,configs/resnet18/ucf101_r50_full_ptfz_official1_noval_fc__B1_sync.json,71.90060798308221,70.20882897171556,5353244,032b2fd16282e73afb6abc90c8c7c99b8ef98b7923f34f6da82ee91a2598f7e1,True,synccaps-checkpoints-resnet18.tar,supporting
synccaps_ucf101_r50_full_ptfz_official1_noval_fc_B1_sync_seed42.pt,ucf101_r50_full_ptfz_official1_noval_fc__B1_sync,B1_sync,ucf101,r50_full,42,0,configs/resnet18/ucf101_r50_full_ptfz_official1_noval_fc__B1_sync.json,72.85223367697594,71.23975680676712,5353210,061b18ca59edd3ab42cf76b244b73668e98d94d4a9057a76c5f6c6c40c5c9c72,True,synccaps-checkpoints-resnet18.tar,supporting
synccaps_ucf101_r50_full_ptfz_official1_noval_fc_B1_sync_seed7.pt,ucf101_r50_full_ptfz_official1_noval_fc__B1_sync,B1_sync,ucf101,r50_full,7,0,configs/resnet18/ucf101_r50_full_ptfz_official1_noval_fc__B1_sync.json,72.90510177108115,71.39836108908274,5353193,2cd87221c37437659777db8fa221e2759b8a9e4fa3e697398d7f236f3343e20c,True,synccaps-checkpoints-resnet18.tar,supporting
synccaps_ucf101_r50_full_ptfz_official1_noval_fc_B4_syncnorm_seed1337.pt,ucf101_r50_full_ptfz_official1_noval_fc__B4_syncnorm,B4_syncnorm,ucf101,r50_full,1337,0,configs/resnet18/ucf101_r50_full_ptfz_official1_noval_fc__B4_syncnorm.json,76.36796193497224,74.75548506476342,5353440,968e23a444a8214f681bb79137c9a66a96f39668132af50e4493679214fc7e1b,True,synccaps-checkpoints-resnet18.tar,supporting
synccaps_ucf101_r50_full_ptfz_official1_noval_fc_B4_syncnorm_seed42.pt,ucf101_r50_full_ptfz_official1_noval_fc__B4_syncnorm,B4_syncnorm,ucf101,r50_full,42,0,configs/resnet18/ucf101_r50_full_ptfz_official1_noval_fc__B4_syncnorm.json,75.3370340999207,74.33254031192176,5353406,e33a7e95fd5361eafa934123ae452fe84fe54516dab97603459b9fe82fdce074,True,synccaps-checkpoints-resnet18.tar,supporting
synccaps_ucf101_r50_full_ptfz_official1_noval_fc_B4_syncnorm_seed7.pt,ucf101_r50_full_ptfz_official1_noval_fc__B4_syncnorm,B4_syncnorm,ucf101,r50_full,7,0,configs/resnet18/ucf101_r50_full_ptfz_official1_noval_fc__B4_syncnorm.json,76.79090668781392,75.07269362939466,5353325,1354174a63a4785b509d1b22736d3fd187afdd4fca1ab624cc4c47fd7c0557ff,True,synccaps-checkpoints-resnet18.tar,supporting
synccaps_ucf101_r50_full_ptfz_official1_noval_fc_oc1024_B0_linear_seed1337.pt,ucf101_r50_full_ptfz_official1_noval_fc_oc1024__B0_linear,B0_linear,ucf101,r50_full,1337,0,configs/resnet18/ucf101_r50_full_ptfz_official1_noval_fc_oc1024__B0_linear.json,72.08564631245044,65.00132170235263,18842999,c0b2fd06a15240eed4042213bbf3eb48d3cc0ffaf28a12bfd0e1e9c568e03f3d,True,synccaps-checkpoints-resnet18.tar,supporting
synccaps_ucf101_r50_full_ptfz_official1_noval_fc_oc1024_B0_linear_seed42.pt,ucf101_r50_full_ptfz_official1_noval_fc_oc1024__B0_linear,B0_linear,ucf101,r50_full,42,0,configs/resnet18/ucf101_r50_full_ptfz_official1_noval_fc_oc1024__B0_linear.json,72.24425059476606,65.13349193761564,18842971,60cd8b6facc8e46cbe81918315d63dcb765550108facfdc2436d7f0acb072623,True,synccaps-checkpoints-resnet18.tar,supporting
synccaps_ucf101_r50_full_ptfz_official1_noval_fc_oc1024_B0_linear_seed7.pt,ucf101_r50_full_ptfz_official1_noval_fc_oc1024__B0_linear,B0_linear,ucf101,r50_full,7,0,configs/resnet18/ucf101_r50_full_ptfz_official1_noval_fc_oc1024__B0_linear.json,72.5085910652921,64.60481099656357,18842509,00051519172d3db01b29717f57b293c87c362002d75a908dc7d1bf8bacf42f3d,True,synccaps-checkpoints-resnet18.tar,supporting
synccaps_ucf101_r50_full_ptfz_official1_noval_fc_oc1024_B1_sync_seed1337.pt,ucf101_r50_full_ptfz_official1_noval_fc_oc1024__B1_sync,B1_sync,ucf101,r50_full,1337,0,configs/resnet18/ucf101_r50_full_ptfz_official1_noval_fc_oc1024__B1_sync.json,73.16944224160719,70.52603753634682,18781843,c0a516f5064da356bbc0fdab39053aeb61ac2a46e2c444df158c0517ba44d1b8,True,synccaps-checkpoints-resnet18.tar,supporting
synccaps_ucf101_r50_full_ptfz_official1_noval_fc_oc1024_B1_sync_seed42.pt,ucf101_r50_full_ptfz_official1_noval_fc_oc1024__B1_sync,B1_sync,ucf101,r50_full,42,0,configs/resnet18/ucf101_r50_full_ptfz_official1_noval_fc_oc1024__B1_sync.json,72.11208035950304,69.60084588950568,18781169,535e8be62e9620f0211353190797abcbf3620a5bd6be102e201e0f74c60fd9e2,True,synccaps-checkpoints-resnet18.tar,supporting
synccaps_ucf101_r50_full_ptfz_official1_noval_fc_oc1024_B1_sync_seed7.pt,ucf101_r50_full_ptfz_official1_noval_fc_oc1024__B1_sync,B1_sync,ucf101,r50_full,7,0,configs/resnet18/ucf101_r50_full_ptfz_official1_noval_fc_oc1024__B1_sync.json,72.5085910652921,71.00185038329369,18781152,d8997beaf5882cee26779e65013e66a545ec157a317b2b5678b9b1abb5d4d2b2,True,synccaps-checkpoints-resnet18.tar,supporting
synccaps_ucf101_r50_full_ptfz_official1_noval_fc_oc1024_B4_syncnorm_seed1337.pt,ucf101_r50_full_ptfz_official1_noval_fc_oc1024__B4_syncnorm,B4_syncnorm,ucf101,r50_full,1337,0,configs/resnet18/ucf101_r50_full_ptfz_official1_noval_fc_oc1024__B4_syncnorm.json,75.78641289981496,74.51757864128999,18781911,7059ccb79b502bbfe7d315834bd94b657823fad829bd97ac228bb674c1616115,True,synccaps-checkpoints-resnet18.tar,supporting
synccaps_ucf101_r50_full_ptfz_official1_noval_fc_oc1024_B4_syncnorm_seed42.pt,ucf101_r50_full_ptfz_official1_noval_fc_oc1024__B4_syncnorm,B4_syncnorm,ucf101,r50_full,42,0,configs/resnet18/ucf101_r50_full_ptfz_official1_noval_fc_oc1024__B4_syncnorm.json,75.25773195876289,73.2223103357124,18781877,923fcc50f7ae8ac6f9bece88ee66650c9a1cd833a16b3a9dfaefb5e84d853dc2,True,synccaps-checkpoints-resnet18.tar,supporting
synccaps_ucf101_r50_full_ptfz_official1_noval_fc_oc1024_B4_syncnorm_seed7.pt,ucf101_r50_full_ptfz_official1_noval_fc_oc1024__B4_syncnorm,B4_syncnorm,ucf101,r50_full,7,0,configs/resnet18/ucf101_r50_full_ptfz_official1_noval_fc_oc1024__B4_syncnorm.json,75.12556172349987,73.9360296061327,18781860,ce0bcf3f79bc036128bd45c753ebf50339d54c3f671aa3d9028e5b1161dc2b54,True,synccaps-checkpoints-resnet18.tar,supporting
synccaps_ucf101_r50_full_ptfz_official1_noval_fc_oc512_B0_linear_seed1337.pt,ucf101_r50_full_ptfz_official1_noval_fc_oc512__B0_linear,B0_linear,ucf101,r50_full,1337,0,configs/resnet18/ucf101_r50_full_ptfz_official1_noval_fc_oc512__B0_linear.json,74.12106793550093,66.2172878667724,9891177,eef5592865d4e356d8f0eca22c219c71f279d734b236ea555ef027e99f5a2c63,True,synccaps-checkpoints-resnet18.tar,supporting
synccaps_ucf101_r50_full_ptfz_official1_noval_fc_oc512_B0_linear_seed42.pt,ucf101_r50_full_ptfz_official1_noval_fc_oc512__B0_linear,B0_linear,ucf101,r50_full,42,0,configs/resnet18/ucf101_r50_full_ptfz_official1_noval_fc_oc512__B0_linear.json,74.17393602960614,65.26566217287866,9890701,460398d9a08d55b36512885db97d2bbf21800763ce2e3e9ae519fa2061bc77ac,True,synccaps-checkpoints-resnet18.tar,supporting
synccaps_ucf101_r50_full_ptfz_official1_noval_fc_oc512_B0_linear_seed7.pt,ucf101_r50_full_ptfz_official1_noval_fc_oc512__B0_linear,B0_linear,ucf101,r50_full,7,0,configs/resnet18/ucf101_r50_full_ptfz_official1_noval_fc_oc512__B0_linear.json,72.27068464181866,66.2965900079302,9890687,53432dc1cd4b875a88c4e4aace8ee987e26e1b499742d28eb7cb956886093506,True,synccaps-checkpoints-resnet18.tar,supporting
synccaps_ucf101_r50_full_ptfz_official1_noval_fc_oc512_B1_sync_seed1337.pt,ucf101_r50_full_ptfz_official1_noval_fc_oc512__B1_sync,B1_sync,ucf101,r50_full,1337,0,configs/resnet18/ucf101_r50_full_ptfz_official1_noval_fc_oc512__B1_sync.json,72.82579962992334,71.26619085381972,9829442,d5f2e52339fe72db9cead3e670ef4bcf67be357feef92060c495a7115467034b,True,synccaps-checkpoints-resnet18.tar,supporting
synccaps_ucf101_r50_full_ptfz_official1_noval_fc_oc512_B1_sync_seed42.pt,ucf101_r50_full_ptfz_official1_noval_fc_oc512__B1_sync,B1_sync,ucf101,r50_full,42,0,configs/resnet18/ucf101_r50_full_ptfz_official1_noval_fc_oc512__B1_sync.json,72.5878932064499,70.52603753634682,9829344,4ff45ad8844a79e44f074439725ee95a9c6cf841e2cc6e960d24cf75d5c017d7,True,synccaps-checkpoints-resnet18.tar,supporting
synccaps_ucf101_r50_full_ptfz_official1_noval_fc_oc512_B1_sync_seed7.pt,ucf101_r50_full_ptfz_official1_noval_fc_oc512__B1_sync,B1_sync,ucf101,r50_full,7,0,configs/resnet18/ucf101_r50_full_ptfz_official1_noval_fc_oc512__B1_sync.json,73.2223103357124,71.00185038329369,9829327,00d9c5eb6465e1aa7f64617970dced7dde7d41ed98b953f553fa566b630c0750,True,synccaps-checkpoints-resnet18.tar,supporting
synccaps_ucf101_r50_full_ptfz_official1_noval_fc_oc512_B4_syncnorm_seed1337.pt,ucf101_r50_full_ptfz_official1_noval_fc_oc512__B4_syncnorm,B4_syncnorm,ucf101,r50_full,1337,0,configs/resnet18/ucf101_r50_full_ptfz_official1_noval_fc_oc512__B4_syncnorm.json,75.91858313507798,74.54401268834259,9830086,cc4317c2029c890ec65c52de8c75b1f286b9b632ac81283f9f9278db0f838a2e,True,synccaps-checkpoints-resnet18.tar,supporting
synccaps_ucf101_r50_full_ptfz_official1_noval_fc_oc512_B4_syncnorm_seed42.pt,ucf101_r50_full_ptfz_official1_noval_fc_oc512__B4_syncnorm,B4_syncnorm,ucf101,r50_full,42,0,configs/resnet18/ucf101_r50_full_ptfz_official1_noval_fc_oc512__B4_syncnorm.json,75.75997885276236,74.67618292360561,9830052,97c12e4bb4abbdabd5afe330c5b17ddca032ce6d4c0a41b1f064393d9dbb6aca,True,synccaps-checkpoints-resnet18.tar,supporting
synccaps_ucf101_r50_full_ptfz_official1_noval_fc_oc512_B4_syncnorm_seed7.pt,ucf101_r50_full_ptfz_official1_noval_fc_oc512__B4_syncnorm,B4_syncnorm,ucf101,r50_full,7,0,configs/resnet18/ucf101_r50_full_ptfz_official1_noval_fc_oc512__B4_syncnorm.json,75.99788527623579,74.46471054718478,9830035,9fdcdf32efdf9f33906faf1ee03542cae2375b07eafa2faf6c19bd58280602b4,True,synccaps-checkpoints-resnet18.tar,supporting
synccaps_ucf101_resnet_pt_official1_B0_linear_seed1337.pt,ucf101_resnet_pt_official1__B0_linear,B0_linear,ucf101,resnet,1337,0,configs/fine_tuning/ucf101_resnet_pt_official1__B0_linear.json,67.35395189003437,62.12001057361882,14497917,6d2e81485e8ccc696caa31e083e421f380fac5118916864bfaba658f258ac2eb,True,synccaps-checkpoints-fine_tuning.tar,supporting
synccaps_ucf101_resnet_pt_official1_B0_linear_seed42.pt,ucf101_resnet_pt_official1__B0_linear,B0_linear,ucf101,resnet,42,0,configs/fine_tuning/ucf101_resnet_pt_official1__B0_linear.json,66.56093047845624,62.09357652656622,14497649,6a3cbd14322d73d2627d685f7813a165497b177feff3bd05d542e5a7b3b26b64,True,synccaps-checkpoints-fine_tuning.tar,supporting
synccaps_ucf101_resnet_pt_official1_B0_linear_seed7.pt,ucf101_resnet_pt_official1__B0_linear,B0_linear,ucf101,resnet,7,0,configs/fine_tuning/ucf101_resnet_pt_official1__B0_linear.json,68.22627544277029,63.33597673803859,14497547,57516c88a2eadfbb7a4c49b5a1c25d04efc146d37ede585016c1236eee221038,True,synccaps-checkpoints-fine_tuning.tar,supporting
synccaps_ucf101_resnet_pt_official1_B4_syncnorm_seed1337.pt,ucf101_resnet_pt_official1__B4_syncnorm,B4_syncnorm,ucf101,resnet,1337,0,configs/fine_tuning/ucf101_resnet_pt_official1__B4_syncnorm.json,68.41131377213851,67.45968807824478,14436819,b5892183ff90e1ba1c627b7f220e67e4d1fb309e8cdddfd98e78686b8bad4c03,True,synccaps-checkpoints-fine_tuning.tar,supporting
synccaps_ucf101_resnet_pt_official1_B4_syncnorm_seed42.pt,ucf101_resnet_pt_official1__B4_syncnorm,B4_syncnorm,ucf101,resnet,42,0,configs/fine_tuning/ucf101_resnet_pt_official1__B4_syncnorm.json,68.17340734866508,67.19534760771874,14436609,fedc85430557f4171f361ab11697dd7c7aa91b9191058c6626d52d2241b3d9ab,True,synccaps-checkpoints-fine_tuning.tar,supporting
synccaps_ucf101_resnet_pt_official1_B4_syncnorm_seed7.pt,ucf101_resnet_pt_official1__B4_syncnorm,B4_syncnorm,ucf101,resnet,7,0,configs/fine_tuning/ucf101_resnet_pt_official1__B4_syncnorm.json,68.17340734866508,68.12053925455987,14436440,457eaec0a3eb62f60e022dd455668ce319473f0877ae9a1a162ac3a3dbf13c5b,True,synccaps-checkpoints-fine_tuning.tar,supporting
synccaps_ucf101_resnet_pt_official1_noval_B0_linear_seed1337.pt,ucf101_resnet_pt_official1_noval__B0_linear,B0_linear,ucf101,resnet,1337,0,configs/fine_tuning/ucf101_resnet_pt_official1_noval__B0_linear.json,69.17790113666402,63.732487443827644,14498593,ec2a1e072a78e3182cb9f6a10477795d2529034229032e492b330a1fa7e16ef6,True,synccaps-checkpoints-fine_tuning.tar,headline
synccaps_ucf101_resnet_pt_official1_noval_B0_linear_seed42.pt,ucf101_resnet_pt_official1_noval__B0_linear,B0_linear,ucf101,resnet,42,0,configs/fine_tuning/ucf101_resnet_pt_official1_noval__B0_linear.json,67.72402854877082,63.83822363203806,14498325,71616609537abe18eef96d5c87385d94317ae01d6aaf0719ee101a4fbae6ba9c,True,synccaps-checkpoints-fine_tuning.tar,headline
synccaps_ucf101_resnet_pt_official1_noval_B0_linear_seed7.pt,ucf101_resnet_pt_official1_noval__B0_linear,B0_linear,ucf101,resnet,7,0,configs/fine_tuning/ucf101_resnet_pt_official1_noval__B0_linear.json,69.09859899550621,64.41977266719535,14498223,8e1b00b0107af8839b31e0cece86ff11fdfb8019f85234f2463fece50efe37ac,True,synccaps-checkpoints-fine_tuning.tar,headline
synccaps_ucf101_resnet_pt_official1_noval_B4_syncnorm_seed1337.pt,ucf101_resnet_pt_official1_noval__B4_syncnorm,B4_syncnorm,ucf101,resnet,1337,0,configs/fine_tuning/ucf101_resnet_pt_official1_noval__B4_syncnorm.json,69.25720327782183,68.88712661908538,14437513,b94184bdcdfc45c14ee658e404619f5f32e5182c52fccd9c160f016b21757f81,True,synccaps-checkpoints-fine_tuning.tar,headline
synccaps_ucf101_resnet_pt_official1_noval_B4_syncnorm_seed42.pt,ucf101_resnet_pt_official1_noval__B4_syncnorm,B4_syncnorm,ucf101,resnet,42,0,configs/fine_tuning/ucf101_resnet_pt_official1_noval__B4_syncnorm.json,69.83875231297911,68.3320116309807,14437303,00d1b59f31a2e5a75a73ea699795c3aa817e8e8fddcd2137091de916307205af,True,synccaps-checkpoints-fine_tuning.tar,headline
synccaps_ucf101_resnet_pt_official1_noval_B4_syncnorm_seed7.pt,ucf101_resnet_pt_official1_noval__B4_syncnorm,B4_syncnorm,ucf101,resnet,7,0,configs/fine_tuning/ucf101_resnet_pt_official1_noval__B4_syncnorm.json,70.20882897171556,68.62278614855934,14437198,55573e2789251c03ba074954173c346e09bafad1353f84e51fa4d747d92176da,True,synccaps-checkpoints-fine_tuning.tar,headline
synccaps_ucf101_resnet_ptfz_official1_fc_B0_linear_seed1337.pt,ucf101_resnet_ptfz_official1_fc__B0_linear,B0_linear,ucf101,resnet,1337,0,configs/resnet18/ucf101_resnet_ptfz_official1_fc__B0_linear.json,64.86915146708961,59.529473962463655,3315653,82245bb943956e248ca8153a6d70e70ad965e66c0a9a84411ada43f51a6768d7,True,synccaps-checkpoints-resnet18.tar,supporting
synccaps_ucf101_resnet_ptfz_official1_fc_B0_linear_seed42.pt,ucf101_resnet_ptfz_official1_fc__B0_linear,B0_linear,ucf101,resnet,42,0,configs/resnet18/ucf101_resnet_ptfz_official1_fc__B0_linear.json,64.63124504361618,58.97435897435898,3315565,5801a9a8d2d891a0527b0ba80dc5d829d238e775bc55df541b2f6bec5b1411ed,True,synccaps-checkpoints-resnet18.tar,supporting
synccaps_ucf101_resnet_ptfz_official1_fc_B0_linear_seed7.pt,ucf101_resnet_ptfz_official1_fc__B0_linear,B0_linear,ucf101,resnet,7,0,configs/resnet18/ucf101_resnet_ptfz_official1_fc__B0_linear.json,64.26116838487972,59.027227068464185,3315553,11628cf66a86330df5e0ee2105ffd0d12d2f815c2e2d199eef5f469c394a6db5,True,synccaps-checkpoints-resnet18.tar,supporting
synccaps_ucf101_resnet_ptfz_official1_fc_B4_gram_seed1337.pt,ucf101_resnet_ptfz_official1_fc__B4_gram,B4_gram,ucf101,resnet,1337,0,configs/resnet18/ucf101_resnet_ptfz_official1_fc__B4_gram.json,69.31007137192704,68.88712661908538,3254135,1cb8b108167b2f9eca6cf84c1179d50958cf2a51db5bca7ac4c233197c48b16d,True,synccaps-checkpoints-resnet18.tar,control
synccaps_ucf101_resnet_ptfz_official1_fc_B4_gram_seed42.pt,ucf101_resnet_ptfz_official1_fc__B4_gram,B4_gram,ucf101,resnet,42,0,configs/resnet18/ucf101_resnet_ptfz_official1_fc__B4_gram.json,70.31456515992599,69.99735659529473,3254105,450d4708304e42439568bfa74c9d30fd27279652781d534e3fd074456efd77a8,True,synccaps-checkpoints-resnet18.tar,control
synccaps_ucf101_resnet_ptfz_official1_fc_B4_gram_seed7.pt,ucf101_resnet_ptfz_official1_fc__B4_gram,B4_gram,ucf101,resnet,7,0,configs/resnet18/ucf101_resnet_ptfz_official1_fc__B4_gram.json,70.65820777160984,70.81681205392546,3254090,c8b942af705bd0ef8b42fecaa6a831546b284bb03369411b0a7e027cced4e10d,True,synccaps-checkpoints-resnet18.tar,control
synccaps_ucf101_resnet_ptfz_official1_fc_B4_syncnorm_seed1337.pt,ucf101_resnet_ptfz_official1_fc__B4_syncnorm,B4_syncnorm,ucf101,resnet,1337,0,configs/resnet18/ucf101_resnet_ptfz_official1_fc__B4_syncnorm.json,70.49960348929422,70.68464181866244,3254259,3bf29aed19758e6260539c30a75d63d068b0dcc5a7179593a8f6672d159b18da,True,synccaps-checkpoints-resnet18.tar,supporting
synccaps_ucf101_resnet_ptfz_official1_fc_B4_syncnorm_seed42.pt,ucf101_resnet_ptfz_official1_fc__B4_syncnorm,B4_syncnorm,ucf101,resnet,42,0,configs/resnet18/ucf101_resnet_ptfz_official1_fc__B4_syncnorm.json,70.07665873645254,70.10309278350515,3254229,3e917f5be133d761617f0538a44c0f8540ba7e2e7916afef8fd33b2c934e7d7a,True,synccaps-checkpoints-resnet18.tar,supporting
synccaps_ucf101_resnet_ptfz_official1_fc_B4_syncnorm_seed7.pt,ucf101_resnet_ptfz_official1_fc__B4_syncnorm,B4_syncnorm,ucf101,resnet,7,0,configs/resnet18/ucf101_resnet_ptfz_official1_fc__B4_syncnorm.json,69.99735659529473,70.02379064234734,3254150,ffbcdaba3e77082a1adcc3e872c59b7bab8e6d127bed1664dadbf636e550a91b,True,synccaps-checkpoints-resnet18.tar,supporting
synccaps_ucf101_resnet_ptfz_official1_noval_B4_gram_seed1337.pt,ucf101_resnet_ptfz_official1_noval__B4_gram,B4_gram,ucf101,resnet,1337,0,configs/resnet18/ucf101_resnet_ptfz_official1_noval__B4_gram.json,70.05022468939994,69.36293946603224,14437303,92f6900e4ed4155135a83a64709aa6745b0ec7019fe88492bf19c4413864cd9f,True,synccaps-checkpoints-resnet18.tar,control
synccaps_ucf101_resnet_ptfz_official1_noval_B4_gram_seed42.pt,ucf101_resnet_ptfz_official1_noval__B4_gram,B4_gram,ucf101,resnet,42,0,configs/resnet18/ucf101_resnet_ptfz_official1_noval__B4_gram.json,69.91805445413692,68.80782447792757,14437029,b28a13e4705ec93b785cc341e0757a6a0ddc272939fa43821af09fb2abeda9ed,True,synccaps-checkpoints-resnet18.tar,control
synccaps_ucf101_resnet_ptfz_official1_noval_B4_gram_seed7.pt,ucf101_resnet_ptfz_official1_noval__B4_gram,B4_gram,ucf101,resnet,7,0,configs/resnet18/ucf101_resnet_ptfz_official1_noval__B4_gram.json,69.7858842188739,69.46867565424266,14436924,266ef1dccdcf7d5568ab1548b408f978be4e6dde48b7e561b4ff35899199d5fc,True,synccaps-checkpoints-resnet18.tar,control
synccaps_ucf101_resnet_ptfz_official1_noval_fc_B0_linear_seed1337.pt,ucf101_resnet_ptfz_official1_noval_fc__B0_linear,B0_linear,ucf101,resnet,1337,0,configs/resnet18/ucf101_resnet_ptfz_official1_noval_fc__B0_linear.json,65.90007930214115,60.71900607983082,3315725,67b5aa9726fd5ef71787649cb5e412fd72bc975d017f2041cb71e5559e642487,True,synccaps-checkpoints-resnet18.tar,headline
synccaps_ucf101_resnet_ptfz_official1_noval_fc_B0_linear_seed42.pt,ucf101_resnet_ptfz_official1_noval_fc__B0_linear,B0_linear,ucf101,resnet,42,0,configs/resnet18/ucf101_resnet_ptfz_official1_noval_fc__B0_linear.json,65.79434311393074,61.40629130319852,3315701,6a71e7a9e6993cbc3996ab63f4f4554c187e61abc6a1bf6a37fc580036fb61c3,True,synccaps-checkpoints-resnet18.tar,headline
synccaps_ucf101_resnet_ptfz_official1_noval_fc_B0_linear_seed7.pt,ucf101_resnet_ptfz_official1_noval_fc__B0_linear,B0_linear,ucf101,resnet,7,0,configs/resnet18/ucf101_resnet_ptfz_official1_noval_fc__B0_linear.json,65.47713454929949,61.37985725614592,3315689,da9f12c7d54d0f2efc65e5fe8639d0c7ceb88e14788aa9ac204d343a283e6450,True,synccaps-checkpoints-resnet18.tar,headline
synccaps_ucf101_resnet_ptfz_official1_noval_fc_B1_sync_seed1337.pt,ucf101_resnet_ptfz_official1_noval_fc__B1_sync,B1_sync,ucf101,resnet,1337,0,configs/resnet18/ucf101_resnet_ptfz_official1_noval_fc__B1_sync.json,66.53449643140364,66.13798572561458,3254289,9733f96ef60f3ae4d2fdda4ede8dc840d4738a95c2e0628a9c7b34db26e6fa55,True,synccaps-checkpoints-resnet18.tar,headline
synccaps_ucf101_resnet_ptfz_official1_noval_fc_B1_sync_seed42.pt,ucf101_resnet_ptfz_official1_noval_fc__B1_sync,B1_sync,ucf101,resnet,42,0,configs/resnet18/ucf101_resnet_ptfz_official1_noval_fc__B1_sync.json,67.72402854877082,66.56093047845624,3254259,f7e992132bc641e5071048c64532f16f50ebf0ee49508c1fe66fd01cd3b7eb99,True,synccaps-checkpoints-resnet18.tar,headline
synccaps_ucf101_resnet_ptfz_official1_noval_fc_B1_sync_seed7.pt,ucf101_resnet_ptfz_official1_noval_fc__B1_sync,B1_sync,ucf101,resnet,7,0,configs/resnet18/ucf101_resnet_ptfz_official1_noval_fc__B1_sync.json,67.80333068992863,66.53449643140364,3254244,1613a555edf4c30ce9bf003861287110125876003e0cc08eacc84e9c164f1cdc,True,synccaps-checkpoints-resnet18.tar,headline
synccaps_ucf101_resnet_ptfz_official1_noval_fc_B3_shuffle_seed1337.pt,ucf101_resnet_ptfz_official1_noval_fc__B3_shuffle,B3_shuffle,ucf101,resnet,1337,0,configs/resnet18/ucf101_resnet_ptfz_official1_noval_fc__B3_shuffle.json,67.45968807824478,67.16891356066613,3254462,05d18c7ae4d8c8434571daf0e22325e7bebe303d95f43ff80fb48eb09f7118d4,True,synccaps-checkpoints-resnet18.tar,headline
synccaps_ucf101_resnet_ptfz_official1_noval_fc_B3_shuffle_seed42.pt,ucf101_resnet_ptfz_official1_noval_fc__B3_shuffle,B3_shuffle,ucf101,resnet,42,0,configs/resnet18/ucf101_resnet_ptfz_official1_noval_fc__B3_shuffle.json,67.80333068992863,67.32751784298176,3254304,bf8044835605551ed455e40b03507143829286228f36ea9819a926d58df3c2b5,True,synccaps-checkpoints-resnet18.tar,headline
synccaps_ucf101_resnet_ptfz_official1_noval_fc_B3_shuffle_seed7.pt,ucf101_resnet_ptfz_official1_noval_fc__B3_shuffle,B3_shuffle,ucf101,resnet,7,0,configs/resnet18/ucf101_resnet_ptfz_official1_noval_fc__B3_shuffle.json,68.49061591329632,68.3320116309807,3254289,b02399c106e18fc58c3d1a6ce194446cc9c6c15f83816092bb300ddc4b89670e,True,synccaps-checkpoints-resnet18.tar,headline
synccaps_ucf101_resnet_ptfz_official1_noval_fc_B4_gram_seed101.pt,ucf101_resnet_ptfz_official1_noval_fc__B4_gram,B4_gram,ucf101,resnet,101,0,configs/resnet18/ucf101_resnet_ptfz_official1_noval_fc__B4_gram.json,72.13851440655564,71.47766323024055,3254274,578c19d05a15d063d51637e4952e506e2a4548be6f4d039a9b465118fe2a5eff,True,synccaps-checkpoints-resnet18.tar,headline
synccaps_ucf101_resnet_ptfz_official1_noval_fc_B4_gram_seed11.pt,ucf101_resnet_ptfz_official1_noval_fc__B4_gram,B4_gram,ucf101,resnet,11,0,configs/resnet18/ucf101_resnet_ptfz_official1_noval_fc__B4_gram.json,72.13851440655564,71.50409727729316,3254259,d083878f3068a1800ae9476df8a4bdd67f4f203f0a2aeed8906f36ae9b57f387,True,synccaps-checkpoints-resnet18.tar,headline
synccaps_ucf101_resnet_ptfz_official1_noval_fc_B4_gram_seed1337.pt,ucf101_resnet_ptfz_official1_noval_fc__B4_gram,B4_gram,ucf101,resnet,1337,0,configs/resnet18/ucf101_resnet_ptfz_official1_noval_fc__B4_gram.json,71.76843774781919,71.8741739360296,3254289,013c874abc1a6b106d145e3ba073b5616b37513be0ea3105ce78d4e466aeccbd,True,synccaps-checkpoints-resnet18.tar,headline
synccaps_ucf101_resnet_ptfz_official1_noval_fc_B4_gram_seed19.pt,ucf101_resnet_ptfz_official1_noval_fc__B4_gram,B4_gram,ucf101,resnet,19,0,configs/resnet18/ucf101_resnet_ptfz_official1_noval_fc__B4_gram.json,71.847739888977,71.55696537139836,3254259,523b34cc3bf2f75bec3bf5faf9660c42085801d1c52a633e7f282fef83f786c6,True,synccaps-checkpoints-resnet18.tar,headline
synccaps_ucf101_resnet_ptfz_official1_noval_fc_B4_gram_seed2026.pt,ucf101_resnet_ptfz_official1_noval_fc__B4_gram,B4_gram,ucf101,resnet,2026,0,configs/resnet18/ucf101_resnet_ptfz_official1_noval_fc__B4_gram.json,71.58339941845097,70.81681205392546,3254289,d9bfa1bc782ee88dde23be3cf4423269c74b49963d4efc99534008233c2f8e08,True,synccaps-checkpoints-resnet18.tar,headline
synccaps_ucf101_resnet_ptfz_official1_noval_fc_B4_gram_seed23.pt,ucf101_resnet_ptfz_official1_noval_fc__B4_gram,B4_gram,ucf101,resnet,23,0,configs/resnet18/ucf101_resnet_ptfz_official1_noval_fc__B4_gram.json,71.8741739360296,71.34549299497753,3254259,9e602cd2f32c5b44b542bcdcdbb06e7250d3a9402a8f14ebf990808cae62b9c1,True,synccaps-checkpoints-resnet18.tar,headline
synccaps_ucf101_resnet_ptfz_official1_noval_fc_B4_gram_seed42.pt,ucf101_resnet_ptfz_official1_noval_fc__B4_gram,B4_gram,ucf101,resnet,42,0,configs/resnet18/ucf101_resnet_ptfz_official1_noval_fc__B4_gram.json,72.11208035950304,72.19138250066085,3254259,58103ec139bc342113a5b0c1c3018b61ad028fa5bd09c4cab12dcec401d0daad,True,synccaps-checkpoints-resnet18.tar,headline
synccaps_ucf101_resnet_ptfz_official1_noval_fc_B4_gram_seed5.pt,ucf101_resnet_ptfz_official1_noval_fc__B4_gram,B4_gram,ucf101,resnet,5,0,configs/resnet18/ucf101_resnet_ptfz_official1_noval_fc__B4_gram.json,71.68913560666138,72.03277821834523,3254244,03e986ae680253ed170758e01d1fc7c417bb1cb296c3adc6483f3a29dc006527,True,synccaps-checkpoints-resnet18.tar,headline
synccaps_ucf101_resnet_ptfz_official1_noval_fc_B4_gram_seed7.pt,ucf101_resnet_ptfz_official1_noval_fc__B4_gram,B4_gram,ucf101,resnet,7,0,configs/resnet18/ucf101_resnet_ptfz_official1_noval_fc__B4_gram.json,72.5350251123447,72.08564631245044,3254244,6074853eb25d74ddf08643d4cdb6687b83c48a32365fd0ac62343f34757b510d,True,synccaps-checkpoints-resnet18.tar,headline
synccaps_ucf101_resnet_ptfz_official1_noval_fc_B4_syncnorm_seed101.pt,ucf101_resnet_ptfz_official1_noval_fc__B4_syncnorm,B4_syncnorm,ucf101,resnet,101,0,configs/resnet18/ucf101_resnet_ptfz_official1_noval_fc__B4_syncnorm.json,72.34998678297647,71.74200370076659,3254398,0f7dad46fff494c766f66409b9efabdd0b49a6db745dd9b2903d0cdd6486ea15,True,synccaps-checkpoints-resnet18.tar,headline
synccaps_ucf101_resnet_ptfz_official1_noval_fc_B4_syncnorm_seed1337.pt,ucf101_resnet_ptfz_official1_noval_fc__B4_syncnorm,B4_syncnorm,ucf101,resnet,1337,0,configs/resnet18/ucf101_resnet_ptfz_official1_noval_fc__B4_syncnorm.json,71.37192704203014,71.0547184773989,3254541,ff430775eaccc868fbe78463b7e5a364773262cbe894a59b7ff460fc3be244fa,True,synccaps-checkpoints-resnet18.tar,headline
synccaps_ucf101_resnet_ptfz_official1_noval_fc_B4_syncnorm_seed19.pt,ucf101_resnet_ptfz_official1_noval_fc__B4_syncnorm,B4_syncnorm,ucf101,resnet,19,0,configs/resnet18/ucf101_resnet_ptfz_official1_noval_fc__B4_syncnorm.json,71.45122918318795,71.23975680676712,3254319,1d6928ea3485e0feb537739c43f0ca7f59a3e9a03d564f8b6f9fb69c1ab0b2ee,True,synccaps-checkpoints-resnet18.tar,headline
synccaps_ucf101_resnet_ptfz_official1_noval_fc_B4_syncnorm_seed2026.pt,ucf101_resnet_ptfz_official1_noval_fc__B4_syncnorm,B4_syncnorm,ucf101,resnet,2026,0,configs/resnet18/ucf101_resnet_ptfz_official1_noval_fc__B4_syncnorm.json,71.71556965371398,70.84324610097806,3254541,9c5626770f44434f1db06583d189827c33eea5d9d8449d70b96bbc4be57e7ca0,True,synccaps-checkpoints-resnet18.tar,headline
synccaps_ucf101_resnet_ptfz_official1_noval_fc_B4_syncnorm_seed42.pt,ucf101_resnet_ptfz_official1_noval_fc__B4_syncnorm,B4_syncnorm,ucf101,resnet,42,0,configs/resnet18/ucf101_resnet_ptfz_official1_noval_fc__B4_syncnorm.json,71.8213058419244,71.8213058419244,3254319,3e0705662a9350f6b533a2d40f3bf8a8c53b39794e8a89e83f5e47f457c01b80,True,synccaps-checkpoints-resnet18.tar,figures 2-4 source
synccaps_ucf101_resnet_ptfz_official1_noval_fc_B4_syncnorm_seed7.pt,ucf101_resnet_ptfz_official1_noval_fc__B4_syncnorm,B4_syncnorm,ucf101,resnet,7,0,configs/resnet18/ucf101_resnet_ptfz_official1_noval_fc__B4_syncnorm.json,71.50409727729316,70.92254824213587,3254304,ae56d225081c2f49d3074acb7f50e1b5a19db56bad1db70d47314c11b9aedbe6,True,synccaps-checkpoints-resnet18.tar,headline
synccaps_ucf101_resnet_ptfz_official1_noval_fc_CB_tsketch_seed101.pt,ucf101_resnet_ptfz_official1_noval_fc__CB_tsketch,CB_tsketch,ucf101,resnet,101,0,configs/resnet18/ucf101_resnet_ptfz_official1_noval_fc__CB_tsketch.json,70.55247158339942,70.3409992069786,3269029,a86a646a59c0f52262fefcabb4bec5a943ae68c6473aa4ec31dad9bd5c8f62e7,True,synccaps-checkpoints-resnet18.tar,headline
synccaps_ucf101_resnet_ptfz_official1_noval_fc_CB_tsketch_seed11.pt,ucf101_resnet_ptfz_official1_noval_fc__CB_tsketch,CB_tsketch,ucf101,resnet,11,0,configs/resnet18/ucf101_resnet_ptfz_official1_noval_fc__CB_tsketch.json,70.23526301876817,69.8123182659265,3269013,fe83a1b90c49e9d7b4e183f6b9f9c4ea9828bbf997da567c76c5ca7be0324813,True,synccaps-checkpoints-resnet18.tar,headline
synccaps_ucf101_resnet_ptfz_official1_noval_fc_CB_tsketch_seed1337.pt,ucf101_resnet_ptfz_official1_noval_fc__CB_tsketch,CB_tsketch,ucf101,resnet,1337,0,configs/resnet18/ucf101_resnet_ptfz_official1_noval_fc__CB_tsketch.json,71.76843774781919,70.97541633624108,3269109,cb72a613bd75123609d5e077501cfff7d511e3e710df9e305664450938c8a0d3,True,synccaps-checkpoints-resnet18.tar,headline
synccaps_ucf101_resnet_ptfz_official1_noval_fc_CB_tsketch_seed19.pt,ucf101_resnet_ptfz_official1_noval_fc__CB_tsketch,CB_tsketch,ucf101,resnet,19,0,configs/resnet18/ucf101_resnet_ptfz_official1_noval_fc__CB_tsketch.json,71.34549299497753,70.68464181866244,3269013,8c379345084d59eddb88c09218fa66b715a2e7e81e912becdf38022427e7f0f0,True,synccaps-checkpoints-resnet18.tar,headline
synccaps_ucf101_resnet_ptfz_official1_noval_fc_CB_tsketch_seed2026.pt,ucf101_resnet_ptfz_official1_noval_fc__CB_tsketch,CB_tsketch,ucf101,resnet,2026,0,configs/resnet18/ucf101_resnet_ptfz_official1_noval_fc__CB_tsketch.json,70.81681205392546,70.68464181866244,3269109,d776620301f0ca8fbe1943194718eeb32e52cec551f6a6f2c6b88db82a638f3f,True,synccaps-checkpoints-resnet18.tar,headline
synccaps_ucf101_resnet_ptfz_official1_noval_fc_CB_tsketch_seed23.pt,ucf101_resnet_ptfz_official1_noval_fc__CB_tsketch,CB_tsketch,ucf101,resnet,23,0,configs/resnet18/ucf101_resnet_ptfz_official1_noval_fc__CB_tsketch.json,69.57441184245307,69.7858842188739,3269013,b9b062c1d7a54fff77ed770269154ef6bf2e8468ca0f809bdefd6ac8e317b8ce,True,synccaps-checkpoints-resnet18.tar,headline
synccaps_ucf101_resnet_ptfz_official1_noval_fc_CB_tsketch_seed42.pt,ucf101_resnet_ptfz_official1_noval_fc__CB_tsketch,CB_tsketch,ucf101,resnet,42,0,configs/resnet18/ucf101_resnet_ptfz_official1_noval_fc__CB_tsketch.json,70.44673539518901,69.94448850118953,3269013,bec5caf0f0075809b4320aeb5c51e9950363947b13cdedee069e8b176d4137ca,True,synccaps-checkpoints-resnet18.tar,headline
synccaps_ucf101_resnet_ptfz_official1_noval_fc_CB_tsketch_seed5.pt,ucf101_resnet_ptfz_official1_noval_fc__CB_tsketch,CB_tsketch,ucf101,resnet,5,0,configs/resnet18/ucf101_resnet_ptfz_official1_noval_fc__CB_tsketch.json,70.57890563045203,70.07665873645254,3268997,49f2b684802f98984b6a717eb12e245e812566b33aef9072fa63db649b389864,True,synccaps-checkpoints-resnet18.tar,headline
synccaps_ucf101_resnet_ptfz_official1_noval_fc_CB_tsketch_seed7.pt,ucf101_resnet_ptfz_official1_noval_fc__CB_tsketch,CB_tsketch,ucf101,resnet,7,0,configs/resnet18/ucf101_resnet_ptfz_official1_noval_fc__CB_tsketch.json,70.84324610097806,70.3409992069786,3268997,608ecbc5365bf0b6735f1477e04d5905366267daaa9169242e796b01a2db1ac3,True,synccaps-checkpoints-resnet18.tar,headline
synccaps_ucf101_resnet_ptfz_official1_noval_fc_R3_route_seed101.pt,ucf101_resnet_ptfz_official1_noval_fc__R3_route,R3_route,ucf101,resnet,101,0,configs/routing/ucf101_resnet_ptfz_official1_noval_fc__R3_route.json,71.37192704203014,70.47316944224161,17277185,fc179a7cfaa1ff85a9c089c49443c018a2891566c8318a0f5ea8647e8524eee1,True,synccaps-checkpoints-routing.tar,headline
synccaps_ucf101_resnet_ptfz_official1_noval_fc_R3_route_seed1337.pt,ucf101_resnet_ptfz_official1_noval_fc__R3_route,R3_route,ucf101,resnet,1337,0,configs/routing/ucf101_resnet_ptfz_official1_noval_fc__R3_route.json,71.47766323024055,70.65820777160984,17277196,cfa166b4a2ef45d2c46a59743b5da655bd55f5d62d8243bb87325e4c71cbd9f2,True,synccaps-checkpoints-routing.tar,headline
synccaps_ucf101_resnet_ptfz_official1_noval_fc_R3_route_seed19.pt,ucf101_resnet_ptfz_official1_noval_fc__R3_route,R3_route,ucf101,resnet,19,0,configs/routing/ucf101_resnet_ptfz_official1_noval_fc__R3_route.json,71.60983346550357,70.73750991276765,17277174,1600b3e0d5e0f895cb0a5d064b7f252ecd172e58732dd502e04b33dfebf7ebc5,True,synccaps-checkpoints-routing.tar,headline
synccaps_ucf101_resnet_ptfz_official1_noval_fc_R3_route_seed2026.pt,ucf101_resnet_ptfz_official1_noval_fc__R3_route,R3_route,ucf101,resnet,2026,0,configs/routing/ucf101_resnet_ptfz_official1_noval_fc__R3_route.json,72.40285487708168,71.37192704203014,17277196,6e3d5e49653bfb26c7f0f35568a7bc8e8d66a8300c8ea02eedfec3ebe01aade2,True,synccaps-checkpoints-routing.tar,headline
synccaps_ucf101_resnet_ptfz_official1_noval_fc_R3_route_seed42.pt,ucf101_resnet_ptfz_official1_noval_fc__R3_route,R3_route,ucf101,resnet,42,0,configs/routing/ucf101_resnet_ptfz_official1_noval_fc__R3_route.json,72.11208035950304,71.1075865715041,17277174,f32552ea9a5a841074321433a03aa44c9fce45b1b59831aafa4438974703935c,True,synccaps-checkpoints-routing.tar,headline
synccaps_ucf101_resnet_ptfz_official1_noval_fc_R3_route_seed7.pt,ucf101_resnet_ptfz_official1_noval_fc__R3_route,R3_route,ucf101,resnet,7,0,configs/routing/ucf101_resnet_ptfz_official1_noval_fc__R3_route.json,71.76843774781919,71.31905894792493,17277163,4b2933f6838348b3b2ae731ad6e5f932d01ae3d7bca13be1e98b39ecd604a740,True,synccaps-checkpoints-routing.tar,headline
synccaps_ucf101_resnet_ptfz_official1_noval_fc_lr0.0005_B4_gram_seed1337.pt,ucf101_resnet_ptfz_official1_noval_fc_lr0.0005__B4_gram,B4_gram,ucf101,resnet,1337,0,configs/resnet18/ucf101_resnet_ptfz_official1_noval_fc_lr0.0005__B4_gram.json,71.7948717948718,70.89611419508327,3255128,56ee9e497486110175b2bd4559bba11c9c6be97171e3089059c83e2be097c7ee,True,synccaps-checkpoints-resnet18.tar,control
synccaps_ucf101_resnet_ptfz_official1_noval_fc_lr0.0005_B4_gram_seed42.pt,ucf101_resnet_ptfz_official1_noval_fc_lr0.0005__B4_gram,B4_gram,ucf101,resnet,42,0,configs/resnet18/ucf101_resnet_ptfz_official1_noval_fc_lr0.0005__B4_gram.json,71.18688871266191,70.97541633624108,3254522,d631c868a26780fc97282510c57021c756647b25f6246d0457c37bf987452cc3,True,synccaps-checkpoints-resnet18.tar,control
synccaps_ucf101_resnet_ptfz_official1_noval_fc_lr0.0005_B4_gram_seed7.pt,ucf101_resnet_ptfz_official1_noval_fc_lr0.0005__B4_gram,B4_gram,ucf101,resnet,7,0,configs/resnet18/ucf101_resnet_ptfz_official1_noval_fc_lr0.0005__B4_gram.json,71.53053132434576,70.92254824213587,3254507,08657c81a45e27acc16923025097a1a82a5a59e1a40e1cfd106b3e700b1ce34d,True,synccaps-checkpoints-resnet18.tar,control
synccaps_ucf101_resnet_ptfz_official1_noval_fc_lr0.0005_B4_syncnorm_seed1337.pt,ucf101_resnet_ptfz_official1_noval_fc_lr0.0005__B4_syncnorm,B4_syncnorm,ucf101,resnet,1337,0,configs/resnet18/ucf101_resnet_ptfz_official1_noval_fc_lr0.0005__B4_syncnorm.json,71.0547184773989,70.89611419508327,3255188,47cce9b260fd036580d99aa9204eaefebcb93fd1cfad88c7a9668efd25cdb128,True,synccaps-checkpoints-resnet18.tar,supporting
synccaps_ucf101_resnet_ptfz_official1_noval_fc_lr0.0005_B4_syncnorm_seed42.pt,ucf101_resnet_ptfz_official1_noval_fc_lr0.0005__B4_syncnorm,B4_syncnorm,ucf101,resnet,42,0,configs/resnet18/ucf101_resnet_ptfz_official1_noval_fc_lr0.0005__B4_syncnorm.json,71.66270155960878,71.16045466560931,3255158,8ea91c39d8fbe84ee8e03c440efa0b7fa3a66e056e812a48aacca825da9e811b,True,synccaps-checkpoints-resnet18.tar,supporting
synccaps_ucf101_resnet_ptfz_official1_noval_fc_lr0.0005_B4_syncnorm_seed7.pt,ucf101_resnet_ptfz_official1_noval_fc_lr0.0005__B4_syncnorm,B4_syncnorm,ucf101,resnet,7,0,configs/resnet18/ucf101_resnet_ptfz_official1_noval_fc_lr0.0005__B4_syncnorm.json,71.23975680676712,71.21332275971452,3255143,66b93c33f2f2d7f30ebdee7dcef7769c25ae041f2fde2eeb2c91b1e39422f4c7,True,synccaps-checkpoints-resnet18.tar,supporting
synccaps_ucf101_resnet_ptfz_official1_noval_fc_lr0.0005_CB_tsketch_seed1337.pt,ucf101_resnet_ptfz_official1_noval_fc_lr0.0005__CB_tsketch,CB_tsketch,ucf101,resnet,1337,0,configs/resnet18/ucf101_resnet_ptfz_official1_noval_fc_lr0.0005__CB_tsketch.json,70.86968014803067,70.44673539518901,3269893,733b9afea063947c071b7055e222cbf687243be016dff397b43e0fd12e8a85a9,True,synccaps-checkpoints-resnet18.tar,control
synccaps_ucf101_resnet_ptfz_official1_noval_fc_lr0.0005_CB_tsketch_seed42.pt,ucf101_resnet_ptfz_official1_noval_fc_lr0.0005__CB_tsketch,CB_tsketch,ucf101,resnet,42,0,configs/resnet18/ucf101_resnet_ptfz_official1_noval_fc_lr0.0005__CB_tsketch.json,71.53053132434576,70.79037800687286,3269861,63efb8a679ff1c306fdb87bac382a66b767144da5553efd2f5e10cf96cef1f3d,True,synccaps-checkpoints-resnet18.tar,control
synccaps_ucf101_resnet_ptfz_official1_noval_fc_lr0.0005_CB_tsketch_seed7.pt,ucf101_resnet_ptfz_official1_noval_fc_lr0.0005__CB_tsketch,CB_tsketch,ucf101,resnet,7,0,configs/resnet18/ucf101_resnet_ptfz_official1_noval_fc_lr0.0005__CB_tsketch.json,70.63177372455723,69.94448850118953,3269845,eedf3245cd47162eb425cf2351f8135897c4c147cd6990b4262974939ad05fea,True,synccaps-checkpoints-resnet18.tar,control
synccaps_ucf101_resnet_ptfz_official1_noval_fc_lr0.0005_R3_route_seed1337.pt,ucf101_resnet_ptfz_official1_noval_fc_lr0.0005__R3_route,R3_route,ucf101,resnet,1337,0,configs/routing/ucf101_resnet_ptfz_official1_noval_fc_lr0.0005__R3_route.json,71.68913560666138,70.71107586571505,17277743,704b9bb0333f9a2c3d473d3c12f176362081c7275c42d9b86d78fb6de73ed2fa,True,synccaps-checkpoints-routing.tar,control
synccaps_ucf101_resnet_ptfz_official1_noval_fc_lr0.0005_R3_route_seed42.pt,ucf101_resnet_ptfz_official1_noval_fc_lr0.0005__R3_route,R3_route,ucf101,resnet,42,0,configs/routing/ucf101_resnet_ptfz_official1_noval_fc_lr0.0005__R3_route.json,71.95347607718742,71.39836108908274,17277465,1ceda9b5409fe055f5668f87a2189bd1303363d309dbe14f403cec3fdade9f59,True,synccaps-checkpoints-routing.tar,control
synccaps_ucf101_resnet_ptfz_official1_noval_fc_lr0.0005_R3_route_seed7.pt,ucf101_resnet_ptfz_official1_noval_fc_lr0.0005__R3_route,R3_route,ucf101,resnet,7,0,configs/routing/ucf101_resnet_ptfz_official1_noval_fc_lr0.0005__R3_route.json,72.27068464181866,70.79037800687286,17277390,9ad323b60f77f0953da7b9e91cba4227a6179b8707e47df631dc6ab067b978cd,True,synccaps-checkpoints-routing.tar,control
synccaps_ucf101_resnet_ptfz_official1_noval_fc_nself0_xself_B4_gram_seed1337.pt,ucf101_resnet_ptfz_official1_noval_fc_nself0_xself__B4_gram,B4_gram,ucf101,resnet,1337,0,configs/pair_composition/ucf101_resnet_ptfz_official1_noval_fc_nself0_xself__B4_gram.json,71.847739888977,70.79037800687286,3255188,62a15078e763686d39ff1451f761d77e3f975dbb192b231dc6af04e7eae05943,True,synccaps-checkpoints-pair_composition.tar,control
synccaps_ucf101_resnet_ptfz_official1_noval_fc_nself0_xself_B4_gram_seed42.pt,ucf101_resnet_ptfz_official1_noval_fc_nself0_xself__B4_gram,B4_gram,ucf101,resnet,42,0,configs/pair_composition/ucf101_resnet_ptfz_official1_noval_fc_nself0_xself__B4_gram.json,71.34549299497753,71.26619085381972,3255158,0526264d86f620ad92bf906c1e52bee8459b791de5dcd4544be39c5100a22a62,True,synccaps-checkpoints-pair_composition.tar,control
synccaps_ucf101_resnet_ptfz_official1_noval_fc_nself0_xself_B4_gram_seed7.pt,ucf101_resnet_ptfz_official1_noval_fc_nself0_xself__B4_gram,B4_gram,ucf101,resnet,7,0,configs/pair_composition/ucf101_resnet_ptfz_official1_noval_fc_nself0_xself__B4_gram.json,72.61432725350251,72.08564631245044,3255143,d909168b531606a1223d101ca970597298ae6749e92cb63e59c2d5692fc6c901,True,synccaps-checkpoints-pair_composition.tar,control
synccaps_ucf101_resnet_ptfz_official1_noval_fc_nself0_xself_pair1_B4_gram_seed1337.pt,ucf101_resnet_ptfz_official1_noval_fc_nself0_xself_pair1__B4_gram,B4_gram,ucf101,resnet,1337,1,configs/pair_composition/ucf101_resnet_ptfz_official1_noval_fc_nself0_xself_pair1__B4_gram.json,71.39836108908274,70.97541633624108,3255278,2f3bb90de27cbb7cdf48c833a5c7b205da9925781af52a0d9188457a86d758e9,True,synccaps-checkpoints-pair_composition.tar,control
synccaps_ucf101_resnet_ptfz_official1_noval_fc_nself0_xself_pair1_B4_gram_seed42.pt,ucf101_resnet_ptfz_official1_noval_fc_nself0_xself_pair1__B4_gram,B4_gram,ucf101,resnet,42,1,configs/pair_composition/ucf101_resnet_ptfz_official1_noval_fc_nself0_xself_pair1__B4_gram.json,71.34549299497753,71.23975680676712,3255248,b655a8955cd7818b48bfab8e709e48ba68352e583ae33b10066a962126e89e96,True,synccaps-checkpoints-pair_composition.tar,control
synccaps_ucf101_resnet_ptfz_official1_noval_fc_nself0_xself_pair1_B4_gram_seed7.pt,ucf101_resnet_ptfz_official1_noval_fc_nself0_xself_pair1__B4_gram,B4_gram,ucf101,resnet,7,1,configs/pair_composition/ucf101_resnet_ptfz_official1_noval_fc_nself0_xself_pair1__B4_gram.json,71.7948717948718,71.37192704203014,3255233,68901f8aa7c83dc8495b15da59fea182b8117723f7f933904d8a2ca55005b2d8,True,synccaps-checkpoints-pair_composition.tar,control
synccaps_ucf101_resnet_ptfz_official1_noval_fc_nself0_xself_pair2_B4_gram_seed1337.pt,ucf101_resnet_ptfz_official1_noval_fc_nself0_xself_pair2__B4_gram,B4_gram,ucf101,resnet,1337,2,configs/pair_composition/ucf101_resnet_ptfz_official1_noval_fc_nself0_xself_pair2__B4_gram.json,71.92704203013481,71.55696537139836,3255278,595f0de098013b645e21e9748dedf78d7c046f782c84e8b20493632523d1442b,True,synccaps-checkpoints-pair_composition.tar,control
synccaps_ucf101_resnet_ptfz_official1_noval_fc_nself0_xself_pair2_B4_gram_seed42.pt,ucf101_resnet_ptfz_official1_noval_fc_nself0_xself_pair2__B4_gram,B4_gram,ucf101,resnet,42,2,configs/pair_composition/ucf101_resnet_ptfz_official1_noval_fc_nself0_xself_pair2__B4_gram.json,71.0547184773989,70.94898228918848,3255248,a898988b9e5c2ed5b5f92f1f7d1b7fab6fcf60fa1fdd440c3f8c60d1e3e606e0,True,synccaps-checkpoints-pair_composition.tar,control
synccaps_ucf101_resnet_ptfz_official1_noval_fc_nself0_xself_pair2_B4_gram_seed7.pt,ucf101_resnet_ptfz_official1_noval_fc_nself0_xself_pair2__B4_gram,B4_gram,ucf101,resnet,7,2,configs/pair_composition/ucf101_resnet_ptfz_official1_noval_fc_nself0_xself_pair2__B4_gram.json,72.03277821834523,71.76843774781919,3255233,6595ec26d9577bc7b4b06a8b38636327fdef7d1596d56685ce620f68b84ae29f,True,synccaps-checkpoints-pair_composition.tar,control
synccaps_ucf101_resnet_ptfz_official1_noval_fc_nself0_xself_pair3_B4_gram_seed1337.pt,ucf101_resnet_ptfz_official1_noval_fc_nself0_xself_pair3__B4_gram,B4_gram,ucf101,resnet,1337,3,configs/pair_composition/ucf101_resnet_ptfz_official1_noval_fc_nself0_xself_pair3__B4_gram.json,71.7948717948718,71.29262490087233,3255278,3802365701123cdedad2444d128c117b604f361103764c234333b8eacb3bb4cf,True,synccaps-checkpoints-pair_composition.tar,control
synccaps_ucf101_resnet_ptfz_official1_noval_fc_nself0_xself_pair3_B4_gram_seed42.pt,ucf101_resnet_ptfz_official1_noval_fc_nself0_xself_pair3__B4_gram,B4_gram,ucf101,resnet,42,3,configs/pair_composition/ucf101_resnet_ptfz_official1_noval_fc_nself0_xself_pair3__B4_gram.json,71.68913560666138,70.94898228918848,3255248,ac9e2313e9c9cfb06a94873714b64dfe527d237213c8c80274bee9be83f84a76,True,synccaps-checkpoints-pair_composition.tar,control
synccaps_ucf101_resnet_ptfz_official1_noval_fc_nself0_xself_pair3_B4_gram_seed7.pt,ucf101_resnet_ptfz_official1_noval_fc_nself0_xself_pair3__B4_gram,B4_gram,ucf101,resnet,7,3,configs/pair_composition/ucf101_resnet_ptfz_official1_noval_fc_nself0_xself_pair3__B4_gram.json,71.95347607718742,71.63626751255617,3255233,f6910036e1ce9810c62a861d95926b4af19023157d29d9445b1119471c36ce9a,True,synccaps-checkpoints-pair_composition.tar,control
synccaps_ucf101_resnet_ptfz_official1_noval_fc_nself2048_B4_gram_seed1337.pt,ucf101_resnet_ptfz_official1_noval_fc_nself2048__B4_gram,B4_gram,ucf101,resnet,1337,0,configs/pair_composition/ucf101_resnet_ptfz_official1_noval_fc_nself2048__B4_gram.json,68.72852233676976,69.49510970129526,3255143,c7fd512c874b92b0aef2b1b9d44533bddc1398446e52ae147fe009e8a1fa806a,True,synccaps-checkpoints-pair_composition.tar,control
synccaps_ucf101_resnet_ptfz_official1_noval_fc_nself2048_B4_gram_seed42.pt,ucf101_resnet_ptfz_official1_noval_fc_nself2048__B4_gram,B4_gram,ucf101,resnet,42,0,configs/pair_composition/ucf101_resnet_ptfz_official1_noval_fc_nself2048__B4_gram.json,68.19984139571768,68.62278614855934,3254601,4e41be6ddb0e9acef108bf3a70e26c2a69c51c383ad853fb438a2bffcc4124f8,True,synccaps-checkpoints-pair_composition.tar,control
synccaps_ucf101_resnet_ptfz_official1_noval_fc_nself2048_B4_gram_seed7.pt,ucf101_resnet_ptfz_official1_noval_fc_nself2048__B4_gram,B4_gram,ucf101,resnet,7,0,configs/pair_composition/ucf101_resnet_ptfz_official1_noval_fc_nself2048__B4_gram.json,68.56991805445413,68.96642876024319,3254522,66de987afd36198c58009b49577b2607ad09f21a090fa279291c9b543f5b49f3,True,synccaps-checkpoints-pair_composition.tar,control
synccaps_ucf101_resnet_ptfz_official1_noval_fc_nself2048_pair1_B4_gram_seed1337.pt,ucf101_resnet_ptfz_official1_noval_fc_nself2048_pair1__B4_gram,B4_gram,ucf101,resnet,1337,1,configs/pair_composition/ucf101_resnet_ptfz_official1_noval_fc_nself2048_pair1__B4_gram.json,68.3055775839281,69.25720327782183,3255233,ddee1f2f28fe6602eda2c5054b1335609a2e865d3ea5bad3a317611b1c3bd8df,True,synccaps-checkpoints-pair_composition.tar,control
synccaps_ucf101_resnet_ptfz_official1_noval_fc_nself2048_pair1_B4_gram_seed42.pt,ucf101_resnet_ptfz_official1_noval_fc_nself2048_pair1__B4_gram,B4_gram,ucf101,resnet,42,1,configs/pair_composition/ucf101_resnet_ptfz_official1_noval_fc_nself2048_pair1__B4_gram.json,69.0192968543484,69.49510970129526,3255203,8c63f4f0b5e52955548ce4918f0d4c9ef7d70c1afffebd4d74c5843b5df77e79,True,synccaps-checkpoints-pair_composition.tar,control
synccaps_ucf101_resnet_ptfz_official1_noval_fc_nself2048_pair1_B4_gram_seed7.pt,ucf101_resnet_ptfz_official1_noval_fc_nself2048_pair1__B4_gram,B4_gram,ucf101,resnet,7,1,configs/pair_composition/ucf101_resnet_ptfz_official1_noval_fc_nself2048_pair1__B4_gram.json,68.80782447792757,69.49510970129526,3255188,50c8b6e80f7c91e72ca1c89429ab4c32cc7414942c2e403272ec1c40009c1ed6,True,synccaps-checkpoints-pair_composition.tar,control
synccaps_ucf101_resnet_ptfz_official1_noval_fc_nself2048_pair2_B4_gram_seed1337.pt,ucf101_resnet_ptfz_official1_noval_fc_nself2048_pair2__B4_gram,B4_gram,ucf101,resnet,1337,2,configs/pair_composition/ucf101_resnet_ptfz_official1_noval_fc_nself2048_pair2__B4_gram.json,68.19984139571768,69.045730901401,3255233,d2e59250b8794295cde19f555fb3ad0eb9b3c4198968683d8122a1b69183a293,True,synccaps-checkpoints-pair_composition.tar,control
synccaps_ucf101_resnet_ptfz_official1_noval_fc_nself2048_pair2_B4_gram_seed42.pt,ucf101_resnet_ptfz_official1_noval_fc_nself2048_pair2__B4_gram,B4_gram,ucf101,resnet,42,2,configs/pair_composition/ucf101_resnet_ptfz_official1_noval_fc_nself2048_pair2__B4_gram.json,68.25270948982289,68.75495638382236,3255203,311f59c7ef2b17f7aa3ab730cc2da0f38611c8e2e442c77b87188761f68a1a83,True,synccaps-checkpoints-pair_composition.tar,control
synccaps_ucf101_resnet_ptfz_official1_noval_fc_nself2048_pair2_B4_gram_seed7.pt,ucf101_resnet_ptfz_official1_noval_fc_nself2048_pair2__B4_gram,B4_gram,ucf101,resnet,7,2,configs/pair_composition/ucf101_resnet_ptfz_official1_noval_fc_nself2048_pair2__B4_gram.json,68.51704996034893,69.65371398361088,3255188,e1a8669ff5af6cbaf88900933c38435925ce0660affbcbb50e25826212ee0fc9,True,synccaps-checkpoints-pair_composition.tar,control
synccaps_ucf101_resnet_ptfz_official1_noval_fc_nself2048_pair3_B4_gram_seed1337.pt,ucf101_resnet_ptfz_official1_noval_fc_nself2048_pair3__B4_gram,B4_gram,ucf101,resnet,1337,3,configs/pair_composition/ucf101_resnet_ptfz_official1_noval_fc_nself2048_pair3__B4_gram.json,68.88712661908538,70.12952683055775,3255233,30e2a0fd45daebb7072378d01d545a681e7d0a6f11864b8fd6ebe3ee46f661c6,True,synccaps-checkpoints-pair_composition.tar,control
synccaps_ucf101_resnet_ptfz_official1_noval_fc_nself2048_pair3_B4_gram_seed42.pt,ucf101_resnet_ptfz_official1_noval_fc_nself2048_pair3__B4_gram,B4_gram,ucf101,resnet,42,3,configs/pair_composition/ucf101_resnet_ptfz_official1_noval_fc_nself2048_pair3__B4_gram.json,67.98836901929685,68.64922019561195,3255203,e6ec088878e2347403b5c999da5ad13045dcf1cb29d505f9d689324a0536da62,True,synccaps-checkpoints-pair_composition.tar,control
synccaps_ucf101_resnet_ptfz_official1_noval_fc_nself2048_pair3_B4_gram_seed7.pt,ucf101_resnet_ptfz_official1_noval_fc_nself2048_pair3__B4_gram,B4_gram,ucf101,resnet,7,3,configs/pair_composition/ucf101_resnet_ptfz_official1_noval_fc_nself2048_pair3__B4_gram.json,69.31007137192704,70.20882897171556,3255188,6500e8c54a2fd7a7200bcd09a87e2f582b06b1ae057c309bc244d77646733be6,True,synccaps-checkpoints-pair_composition.tar,control
synccaps_ucf101_resnet_ptfz_official1_noval_fc_pair1_B4_gram_seed1337.pt,ucf101_resnet_ptfz_official1_noval_fc_pair1__B4_gram,B4_gram,ucf101,resnet,1337,1,configs/pair_composition/ucf101_resnet_ptfz_official1_noval_fc_pair1__B4_gram.json,71.60983346550357,71.76843774781919,3254571,8937547aadf8444b603ddc95b33b5dd03a622ca6397d6fa2335cb2e3f4461b09,True,synccaps-checkpoints-pair_composition.tar,control
synccaps_ucf101_resnet_ptfz_official1_noval_fc_pair1_B4_gram_seed42.pt,ucf101_resnet_ptfz_official1_noval_fc_pair1__B4_gram,B4_gram,ucf101,resnet,42,1,configs/pair_composition/ucf101_resnet_ptfz_official1_noval_fc_pair1__B4_gram.json,72.05921226539783,71.39836108908274,3254477,ecf31c2e574c8ea461904a2b9637cfad36521042768c08a19c78e86a3fab3457,True,synccaps-checkpoints-pair_composition.tar,control
synccaps_ucf101_resnet_ptfz_official1_noval_fc_pair1_B4_gram_seed7.pt,ucf101_resnet_ptfz_official1_noval_fc_pair1__B4_gram,B4_gram,ucf101,resnet,7,1,configs/pair_composition/ucf101_resnet_ptfz_official1_noval_fc_pair1__B4_gram.json,71.68913560666138,70.73750991276765,3254398,952f0f6849ec65a76e6726108930e4fe1c75d5519f4ec65f91cec769d5595bb8,True,synccaps-checkpoints-pair_composition.tar,control
synccaps_ucf101_resnet_ptfz_official1_noval_fc_pair2_B4_gram_seed1337.pt,ucf101_resnet_ptfz_official1_noval_fc_pair2__B4_gram,B4_gram,ucf101,resnet,1337,2,configs/pair_composition/ucf101_resnet_ptfz_official1_noval_fc_pair2__B4_gram.json,71.8741739360296,70.81681205392546,3254571,f24fca58e5da9d28629fa81e10d751684cfa64409967fedc68171d28f1b4b8d9,True,synccaps-checkpoints-pair_composition.tar,control
synccaps_ucf101_resnet_ptfz_official1_noval_fc_pair2_B4_gram_seed42.pt,ucf101_resnet_ptfz_official1_noval_fc_pair2__B4_gram,B4_gram,ucf101,resnet,42,2,configs/pair_composition/ucf101_resnet_ptfz_official1_noval_fc_pair2__B4_gram.json,71.63626751255617,70.76394395982025,3254477,417c0d0bee5ea57c32511acd9f2a9592321167a45186f9c7ba895b85fc77f299,True,synccaps-checkpoints-pair_composition.tar,control
synccaps_ucf101_resnet_ptfz_official1_noval_fc_pair2_B4_gram_seed7.pt,ucf101_resnet_ptfz_official1_noval_fc_pair2__B4_gram,B4_gram,ucf101,resnet,7,2,configs/pair_composition/ucf101_resnet_ptfz_official1_noval_fc_pair2__B4_gram.json,71.8741739360296,71.45122918318795,3254398,64f712371f7349e4661224e9c17ace4d400d4b7e5cfe7ddf47b0e8c5a2fd5638,True,synccaps-checkpoints-pair_composition.tar,control
synccaps_ucf101_resnet_ptfz_official1_noval_fc_pair3_B4_gram_seed1337.pt,ucf101_resnet_ptfz_official1_noval_fc_pair3__B4_gram,B4_gram,ucf101,resnet,1337,3,configs/pair_composition/ucf101_resnet_ptfz_official1_noval_fc_pair3__B4_gram.json,71.26619085381972,70.89611419508327,3254571,f9509bcf99fd1cab55dddf034d79cb9542f3203fdab77b32e8532a34011527be,True,synccaps-checkpoints-pair_composition.tar,control
synccaps_ucf101_resnet_ptfz_official1_noval_fc_pair3_B4_gram_seed42.pt,ucf101_resnet_ptfz_official1_noval_fc_pair3__B4_gram,B4_gram,ucf101,resnet,42,3,configs/pair_composition/ucf101_resnet_ptfz_official1_noval_fc_pair3__B4_gram.json,71.92704203013481,71.26619085381972,3254477,03d42040114182b5f17140b38985da142c7c2e4fac7264f20ae07411a548d403,True,synccaps-checkpoints-pair_composition.tar,control
synccaps_ucf101_resnet_ptfz_official1_noval_fc_pair3_B4_gram_seed7.pt,ucf101_resnet_ptfz_official1_noval_fc_pair3__B4_gram,B4_gram,ucf101,resnet,7,3,configs/pair_composition/ucf101_resnet_ptfz_official1_noval_fc_pair3__B4_gram.json,71.68913560666138,71.26619085381972,3254398,10f63d7db05e85a27b997ab542e3561eaaa6ca97f1acb6f02012802c3732647a,True,synccaps-checkpoints-pair_composition.tar,control
